id,userId,courseId,purchaseId,createdAt,updatedAt
baef8a8f-a9cc-46cd-b38b-3be30a3d40e3,1df46571-5bbd-4341-bcd2-f20938bf7b0d,3b3a5d08-696f-42a3-856d-09992761a09e,18da8b29-ecfc-4644-82a3-f778a07fec98,2024-08-08 01:35:51.3+00,2024-08-08 01:35:51.3+00
dce0dd3c-1b30-469d-aaee-6f2dbfd6651e,1df46571-5bbd-4341-bcd2-f20938bf7b0d,21a45a4f-052d-4bfc-920e-adcda1cfe19c,18da8b29-ecfc-4644-82a3-f778a07fec98,2024-08-08 01:35:51.311+00,2024-08-08 01:35:51.311+00
59993d57-1d2a-4f8a-ab41-f36be6ffdd9b,1df46571-5bbd-4341-bcd2-f20938bf7b0d,d7bbc939-aa73-4767-8941-1e76151b3451,18da8b29-ecfc-4644-82a3-f778a07fec98,2024-08-08 01:35:51.319+00,2024-08-08 01:35:51.319+00
d2ab8390-9024-466c-895c-2df22d880a9c,61a4310f-f57a-4b4b-95e4-552366566a60,3b3a5d08-696f-42a3-856d-09992761a09e,cbed1b29-1c14-49e2-b4f6-938644281834,2024-08-08 01:39:13.075+00,2024-08-08 01:39:13.075+00
68f3e354-0d19-462d-bf33-3fdf7f17e8d1,61a4310f-f57a-4b4b-95e4-552366566a60,21a45a4f-052d-4bfc-920e-adcda1cfe19c,cbed1b29-1c14-49e2-b4f6-938644281834,2024-08-08 01:39:13.087+00,2024-08-08 01:39:13.087+00
c6f93cfd-1c97-4a54-805c-86753765eaf4,61a4310f-f57a-4b4b-95e4-552366566a60,57e069f8-7059-4d2f-83d6-3f16f7aa0938,cbed1b29-1c14-49e2-b4f6-938644281834,2024-08-08 01:39:13.1+00,2024-08-08 01:39:13.1+00
84e68e79-d9f2-44d8-8718-4fb3e4fa86dd,61a4310f-f57a-4b4b-95e4-552366566a60,caa12af6-8d12-42e6-985d-82190eb650ec,cbed1b29-1c14-49e2-b4f6-938644281834,2024-08-08 01:39:13.112+00,2024-08-08 01:39:13.112+00
c63c4930-046c-4e18-b1e2-1968351da3c0,61a4310f-f57a-4b4b-95e4-552366566a60,3857b311-0df8-462f-a042-6a560f3528eb,cbed1b29-1c14-49e2-b4f6-938644281834,2024-08-08 01:39:13.123+00,2024-08-08 01:39:13.123+00
be83e36d-1c27-400e-937b-ddb47de8ccd1,afbfbe30-7979-41a7-8c22-0e5771d83673,21a45a4f-052d-4bfc-920e-adcda1cfe19c,cc5f1ef0-169d-436c-884b-fdc931cdb193,2024-08-08 01:39:24.93+00,2024-08-08 01:39:24.93+00
b7098465-93dd-424b-90b7-f60e40ef07f7,afbfbe30-7979-41a7-8c22-0e5771d83673,3b3a5d08-696f-42a3-856d-09992761a09e,cc5f1ef0-169d-436c-884b-fdc931cdb193,2024-08-08 01:39:24.938+00,2024-08-08 01:39:24.938+00
b750a930-f936-4f65-8f39-8af9ee5cdeaa,afbfbe30-7979-41a7-8c22-0e5771d83673,be766134-111b-4a83-afdd-d6c54596d486,cc5f1ef0-169d-436c-884b-fdc931cdb193,2024-08-08 01:39:24.948+00,2024-08-08 01:39:24.948+00
ccba652a-92da-4ef8-8cf6-090817f8631b,afbfbe30-7979-41a7-8c22-0e5771d83673,880369a6-6b14-4a6b-b3cb-4aaabc33369a,cc5f1ef0-169d-436c-884b-fdc931cdb193,2024-08-08 01:39:24.962+00,2024-08-08 01:39:24.962+00
f454445c-0361-48b6-9594-890e456a5843,afbfbe30-7979-41a7-8c22-0e5771d83673,3857b311-0df8-462f-a042-6a560f3528eb,cc5f1ef0-169d-436c-884b-fdc931cdb193,2024-08-08 01:39:24.97+00,2024-08-08 01:39:24.97+00
b8bd51ab-e2b3-48ff-b578-8274ae94b0c5,fe7acff1-e9e6-40e6-84c6-de538e36ab5d,21a45a4f-052d-4bfc-920e-adcda1cfe19c,c1d4d229-b9af-44d9-87c9-40cda4f57cb1,2024-08-08 01:39:35.338+00,2024-08-08 01:39:35.338+00
a43c2cf9-e35e-4db1-b58a-2b2998926b8c,fe7acff1-e9e6-40e6-84c6-de538e36ab5d,3b3a5d08-696f-42a3-856d-09992761a09e,c1d4d229-b9af-44d9-87c9-40cda4f57cb1,2024-08-08 01:39:35.348+00,2024-08-08 01:39:35.348+00
95f012cf-dfc3-4dc7-9aa5-595c9dcce926,fe7acff1-e9e6-40e6-84c6-de538e36ab5d,57e069f8-7059-4d2f-83d6-3f16f7aa0938,c1d4d229-b9af-44d9-87c9-40cda4f57cb1,2024-08-08 01:39:35.356+00,2024-08-08 01:39:35.356+00
70868bc7-d22c-402a-b49b-124d4bb2c9b4,fe7acff1-e9e6-40e6-84c6-de538e36ab5d,880369a6-6b14-4a6b-b3cb-4aaabc33369a,c1d4d229-b9af-44d9-87c9-40cda4f57cb1,2024-08-08 01:39:35.365+00,2024-08-08 01:39:35.365+00
c5095b03-9764-408d-be2c-8d584e4f370f,cd1d2b49-ce2f-4c3f-a90a-5e03975c7fa8,21a45a4f-052d-4bfc-920e-adcda1cfe19c,64c2ea14-c22f-474e-8548-0ad8b05d9c6b,2024-08-08 01:39:35.397+00,2024-08-08 01:39:35.397+00
822bae5d-1dca-433b-86f5-a37caa9fbcbe,cd1d2b49-ce2f-4c3f-a90a-5e03975c7fa8,3b3a5d08-696f-42a3-856d-09992761a09e,64c2ea14-c22f-474e-8548-0ad8b05d9c6b,2024-08-08 01:39:35.413+00,2024-08-08 01:39:35.413+00
dc60a232-381f-4921-a53b-605baf1952f1,cd1d2b49-ce2f-4c3f-a90a-5e03975c7fa8,be766134-111b-4a83-afdd-d6c54596d486,64c2ea14-c22f-474e-8548-0ad8b05d9c6b,2024-08-08 01:39:35.425+00,2024-08-08 01:39:35.425+00
77228344-6f6e-49c2-bdb8-a03e861067a4,cd1d2b49-ce2f-4c3f-a90a-5e03975c7fa8,880369a6-6b14-4a6b-b3cb-4aaabc33369a,64c2ea14-c22f-474e-8548-0ad8b05d9c6b,2024-08-08 01:39:35.435+00,2024-08-08 01:39:35.435+00
79766876-db9c-4cda-a2fe-8d5495fbd38a,cd1d2b49-ce2f-4c3f-a90a-5e03975c7fa8,3857b311-0df8-462f-a042-6a560f3528eb,64c2ea14-c22f-474e-8548-0ad8b05d9c6b,2024-08-08 01:39:35.443+00,2024-08-08 01:39:35.443+00
5de26c7b-4d1a-4d74-b8d6-cd421c34ef5a,7bb4b950-9ffd-408a-8d9a-4688db975605,21a45a4f-052d-4bfc-920e-adcda1cfe19c,005daca5-744f-4070-a765-3cd424a7a8c7,2024-08-08 01:39:48.277+00,2024-08-08 01:39:48.277+00
159ae7cc-d5ea-4b7c-9815-ef68b5129a40,7bb4b950-9ffd-408a-8d9a-4688db975605,3b3a5d08-696f-42a3-856d-09992761a09e,005daca5-744f-4070-a765-3cd424a7a8c7,2024-08-08 01:39:48.284+00,2024-08-08 01:39:48.284+00
d2c53542-569a-4138-b453-9b97068197fb,7bb4b950-9ffd-408a-8d9a-4688db975605,be766134-111b-4a83-afdd-d6c54596d486,005daca5-744f-4070-a765-3cd424a7a8c7,2024-08-08 01:39:48.303+00,2024-08-08 01:39:48.303+00
82bea708-c5f9-4412-a613-f0ee36f74177,7bb4b950-9ffd-408a-8d9a-4688db975605,880369a6-6b14-4a6b-b3cb-4aaabc33369a,005daca5-744f-4070-a765-3cd424a7a8c7,2024-08-08 01:39:48.315+00,2024-08-08 01:39:48.315+00
b6e18b79-359c-4479-954f-0e642a7b601f,7bb4b950-9ffd-408a-8d9a-4688db975605,f5fb2002-9ed8-4520-99ef-46df7e453375,005daca5-744f-4070-a765-3cd424a7a8c7,2024-08-08 01:39:48.328+00,2024-08-08 01:39:48.328+00
16e891f6-03d6-40db-b0e3-da8c1ac2b292,04581eab-af6f-4cf9-aca4-da563b103e31,3b3a5d08-696f-42a3-856d-09992761a09e,9cb7866c-a46f-43eb-8204-3f825aef4df5,2024-08-08 01:40:02.86+00,2024-08-08 01:40:02.86+00
700aea55-3667-4cbd-836c-33754e31e133,04581eab-af6f-4cf9-aca4-da563b103e31,21a45a4f-052d-4bfc-920e-adcda1cfe19c,9cb7866c-a46f-43eb-8204-3f825aef4df5,2024-08-08 01:40:02.868+00,2024-08-08 01:40:02.868+00
02162680-fc81-4267-be69-35e918b5d984,04581eab-af6f-4cf9-aca4-da563b103e31,57e069f8-7059-4d2f-83d6-3f16f7aa0938,9cb7866c-a46f-43eb-8204-3f825aef4df5,2024-08-08 01:40:02.876+00,2024-08-08 01:40:02.876+00
270518ae-e6c9-47b8-a794-ddd89cd9f9a6,04581eab-af6f-4cf9-aca4-da563b103e31,880369a6-6b14-4a6b-b3cb-4aaabc33369a,9cb7866c-a46f-43eb-8204-3f825aef4df5,2024-08-08 01:40:02.887+00,2024-08-08 01:40:02.887+00
f6802325-8d05-4a42-add4-3608c4978ec5,04581eab-af6f-4cf9-aca4-da563b103e31,f5fb2002-9ed8-4520-99ef-46df7e453375,9cb7866c-a46f-43eb-8204-3f825aef4df5,2024-08-08 01:40:02.899+00,2024-08-08 01:40:02.899+00
1deb34d1-1aae-43b3-91ad-1cb9c3235d95,e1663103-8278-4b7c-a019-94a5ebfa4541,3b3a5d08-696f-42a3-856d-09992761a09e,5533e39f-d38b-4448-bf86-17203fda8432,2024-08-08 01:40:13.788+00,2024-08-08 01:40:13.788+00
bf609774-e726-4b80-98e2-9fd6d190c31c,e1663103-8278-4b7c-a019-94a5ebfa4541,21a45a4f-052d-4bfc-920e-adcda1cfe19c,5533e39f-d38b-4448-bf86-17203fda8432,2024-08-08 01:40:13.795+00,2024-08-08 01:40:13.795+00
4c5be156-dfa8-448e-8e73-f75dd1a377c5,e1663103-8278-4b7c-a019-94a5ebfa4541,be766134-111b-4a83-afdd-d6c54596d486,5533e39f-d38b-4448-bf86-17203fda8432,2024-08-08 01:40:13.801+00,2024-08-08 01:40:13.801+00
dd09415b-f02e-40d8-bc5b-662cb1c87f49,e1663103-8278-4b7c-a019-94a5ebfa4541,880369a6-6b14-4a6b-b3cb-4aaabc33369a,5533e39f-d38b-4448-bf86-17203fda8432,2024-08-08 01:40:13.809+00,2024-08-08 01:40:13.809+00
88d1c8cd-7f74-411d-91d7-aa80734030f2,e1663103-8278-4b7c-a019-94a5ebfa4541,3857b311-0df8-462f-a042-6a560f3528eb,5533e39f-d38b-4448-bf86-17203fda8432,2024-08-08 01:40:13.816+00,2024-08-08 01:40:13.816+00
730cadf9-ac9e-446b-a73b-9adc21843337,d363475c-c033-48b3-85ec-a0c674030979,3b3a5d08-696f-42a3-856d-09992761a09e,85df04ca-3f48-4143-b9dd-862d4a5e5fb3,2024-08-08 01:40:15.647+00,2024-08-08 01:40:15.647+00
92886e87-95e0-42ee-adbc-e90c1bd25817,d363475c-c033-48b3-85ec-a0c674030979,21a45a4f-052d-4bfc-920e-adcda1cfe19c,85df04ca-3f48-4143-b9dd-862d4a5e5fb3,2024-08-08 01:40:15.654+00,2024-08-08 01:40:15.654+00
01e1506e-29b9-42c2-bb05-7dd180cc1150,d363475c-c033-48b3-85ec-a0c674030979,be766134-111b-4a83-afdd-d6c54596d486,85df04ca-3f48-4143-b9dd-862d4a5e5fb3,2024-08-08 01:40:15.662+00,2024-08-08 01:40:15.662+00
cd323da4-22a0-4161-a8a0-fae063aaa44e,d363475c-c033-48b3-85ec-a0c674030979,880369a6-6b14-4a6b-b3cb-4aaabc33369a,85df04ca-3f48-4143-b9dd-862d4a5e5fb3,2024-08-08 01:40:15.671+00,2024-08-08 01:40:15.671+00
55c3e6c8-7bcb-4899-b82d-905f54748ed4,4b08c92f-a9e0-4d0d-a9bf-d1b7906305f8,21a45a4f-052d-4bfc-920e-adcda1cfe19c,652a4765-e452-43d9-af30-1a7251f1ac39,2024-08-08 01:40:18.075+00,2024-08-08 01:40:18.075+00
239b0d1e-2e3a-4298-82db-928bfc6ad1b8,4b08c92f-a9e0-4d0d-a9bf-d1b7906305f8,3b3a5d08-696f-42a3-856d-09992761a09e,652a4765-e452-43d9-af30-1a7251f1ac39,2024-08-08 01:40:18.085+00,2024-08-08 01:40:18.085+00
fd70ed20-b003-4931-b4f8-3bb4b0fb714f,4b08c92f-a9e0-4d0d-a9bf-d1b7906305f8,57e069f8-7059-4d2f-83d6-3f16f7aa0938,652a4765-e452-43d9-af30-1a7251f1ac39,2024-08-08 01:40:18.094+00,2024-08-08 01:40:18.094+00
0adcf413-6102-40ed-8323-6203b052f59a,4b08c92f-a9e0-4d0d-a9bf-d1b7906305f8,880369a6-6b14-4a6b-b3cb-4aaabc33369a,652a4765-e452-43d9-af30-1a7251f1ac39,2024-08-08 01:40:18.103+00,2024-08-08 01:40:18.103+00
78577c7f-d0df-4b73-a369-b2c090245f98,4b08c92f-a9e0-4d0d-a9bf-d1b7906305f8,3857b311-0df8-462f-a042-6a560f3528eb,652a4765-e452-43d9-af30-1a7251f1ac39,2024-08-08 01:40:18.119+00,2024-08-08 01:40:18.119+00
06aaa417-3004-40dd-a3ec-16c02cccd978,24267de3-0057-4ee8-a9d4-979ef85ffe1f,3b3a5d08-696f-42a3-856d-09992761a09e,c5bab90f-e6da-4581-b923-da4ed19cf310,2024-08-08 01:40:19.333+00,2024-08-08 01:40:19.333+00
cbb3385c-67bf-4e43-b314-3405ac6fd447,24267de3-0057-4ee8-a9d4-979ef85ffe1f,21a45a4f-052d-4bfc-920e-adcda1cfe19c,c5bab90f-e6da-4581-b923-da4ed19cf310,2024-08-08 01:40:19.339+00,2024-08-08 01:40:19.339+00
a975de8d-07a0-48b1-87ed-6dbb981d3ce7,24267de3-0057-4ee8-a9d4-979ef85ffe1f,57e069f8-7059-4d2f-83d6-3f16f7aa0938,c5bab90f-e6da-4581-b923-da4ed19cf310,2024-08-08 01:40:19.347+00,2024-08-08 01:40:19.347+00
af19092f-78e8-4223-99dc-8c2d9a74d37d,24267de3-0057-4ee8-a9d4-979ef85ffe1f,caa12af6-8d12-42e6-985d-82190eb650ec,c5bab90f-e6da-4581-b923-da4ed19cf310,2024-08-08 01:40:19.358+00,2024-08-08 01:40:19.358+00
bce180e9-9814-41fc-bc00-1cdd2039a102,24267de3-0057-4ee8-a9d4-979ef85ffe1f,3857b311-0df8-462f-a042-6a560f3528eb,c5bab90f-e6da-4581-b923-da4ed19cf310,2024-08-08 01:40:19.364+00,2024-08-08 01:40:19.364+00
215b1830-52ff-4c02-96c6-4e1ee1c2baac,5919c779-db29-47ca-b68f-72caf6ea1f65,3b3a5d08-696f-42a3-856d-09992761a09e,471de07c-db4c-45a7-8b83-bc9df85a183f,2024-08-08 01:40:46.684+00,2024-08-08 01:40:46.684+00
9d735a5f-2397-4b11-92c4-25dcfee2ca71,5919c779-db29-47ca-b68f-72caf6ea1f65,21a45a4f-052d-4bfc-920e-adcda1cfe19c,471de07c-db4c-45a7-8b83-bc9df85a183f,2024-08-08 01:40:46.696+00,2024-08-08 01:40:46.696+00
a50eea08-5870-461d-b1bf-9df132ef9f60,5919c779-db29-47ca-b68f-72caf6ea1f65,be766134-111b-4a83-afdd-d6c54596d486,471de07c-db4c-45a7-8b83-bc9df85a183f,2024-08-08 01:40:46.704+00,2024-08-08 01:40:46.704+00
3c949024-a9b6-4b61-86ce-e4cc5011eb17,5919c779-db29-47ca-b68f-72caf6ea1f65,caa12af6-8d12-42e6-985d-82190eb650ec,471de07c-db4c-45a7-8b83-bc9df85a183f,2024-08-08 01:40:46.711+00,2024-08-08 01:40:46.711+00
f0e26d97-7a64-4b45-83e3-f44caba781ef,5919c779-db29-47ca-b68f-72caf6ea1f65,3857b311-0df8-462f-a042-6a560f3528eb,471de07c-db4c-45a7-8b83-bc9df85a183f,2024-08-08 01:40:46.718+00,2024-08-08 01:40:46.718+00
7f6a5f91-aba5-4d5b-9f44-c2744d9e9552,eb00f415-9629-436a-9c5d-2e55e7f7eb7b,21a45a4f-052d-4bfc-920e-adcda1cfe19c,7f033b0d-1a0a-4d6b-93fa-e50689cdb64b,2024-08-08 01:40:58.062+00,2024-08-08 01:40:58.062+00
9d9984e3-fe03-4910-a9b2-1d6e80d8d904,eb00f415-9629-436a-9c5d-2e55e7f7eb7b,3b3a5d08-696f-42a3-856d-09992761a09e,7f033b0d-1a0a-4d6b-93fa-e50689cdb64b,2024-08-08 01:40:58.07+00,2024-08-08 01:40:58.07+00
9ad45807-3981-493f-b517-7ec330e6e73e,eb00f415-9629-436a-9c5d-2e55e7f7eb7b,57e069f8-7059-4d2f-83d6-3f16f7aa0938,7f033b0d-1a0a-4d6b-93fa-e50689cdb64b,2024-08-08 01:40:58.078+00,2024-08-08 01:40:58.078+00
d6a0b75f-fa52-4664-9f70-92e9670d9200,eb00f415-9629-436a-9c5d-2e55e7f7eb7b,880369a6-6b14-4a6b-b3cb-4aaabc33369a,7f033b0d-1a0a-4d6b-93fa-e50689cdb64b,2024-08-08 01:40:58.086+00,2024-08-08 01:40:58.086+00
239bd2c1-ed7a-4805-99b5-2635b788a595,eb00f415-9629-436a-9c5d-2e55e7f7eb7b,f5fb2002-9ed8-4520-99ef-46df7e453375,7f033b0d-1a0a-4d6b-93fa-e50689cdb64b,2024-08-08 01:40:58.094+00,2024-08-08 01:40:58.094+00
300cfb35-6de3-4141-a4f1-6a473eaed2a6,39f1af96-755e-4909-8e1a-f5f413a8a89b,21a45a4f-052d-4bfc-920e-adcda1cfe19c,c620bf7d-2d68-4207-8219-924fb553f31c,2024-08-08 01:41:09.768+00,2024-08-08 01:41:09.768+00
17f2dc68-ceed-450c-8c26-8f0a366d55ab,39f1af96-755e-4909-8e1a-f5f413a8a89b,3b3a5d08-696f-42a3-856d-09992761a09e,c620bf7d-2d68-4207-8219-924fb553f31c,2024-08-08 01:41:09.776+00,2024-08-08 01:41:09.776+00
8bf57c99-d703-4a83-89be-f2afbdb3f51a,39f1af96-755e-4909-8e1a-f5f413a8a89b,57e069f8-7059-4d2f-83d6-3f16f7aa0938,c620bf7d-2d68-4207-8219-924fb553f31c,2024-08-08 01:41:09.783+00,2024-08-08 01:41:09.783+00
052d3283-199a-45f4-8d4e-dcf6f7008f96,39f1af96-755e-4909-8e1a-f5f413a8a89b,880369a6-6b14-4a6b-b3cb-4aaabc33369a,c620bf7d-2d68-4207-8219-924fb553f31c,2024-08-08 01:41:09.79+00,2024-08-08 01:41:09.79+00
534ff452-7993-4983-ad29-269f34fce01e,39f1af96-755e-4909-8e1a-f5f413a8a89b,3857b311-0df8-462f-a042-6a560f3528eb,c620bf7d-2d68-4207-8219-924fb553f31c,2024-08-08 01:41:09.798+00,2024-08-08 01:41:09.798+00
330973ad-71a5-47e3-804d-638a512d3153,c71e850c-b566-4424-9296-cd1fe2aa3228,21a45a4f-052d-4bfc-920e-adcda1cfe19c,f08326cf-dc53-47b1-9c2b-87cd2f3a08da,2024-08-08 01:41:21.821+00,2024-08-08 01:41:21.821+00
9e2e135d-05c5-4e87-ab5b-1e0cb3c7ae15,c71e850c-b566-4424-9296-cd1fe2aa3228,3b3a5d08-696f-42a3-856d-09992761a09e,f08326cf-dc53-47b1-9c2b-87cd2f3a08da,2024-08-08 01:41:21.827+00,2024-08-08 01:41:21.827+00
091236b2-4c84-4244-a9f9-8216b3037bc5,c71e850c-b566-4424-9296-cd1fe2aa3228,be766134-111b-4a83-afdd-d6c54596d486,f08326cf-dc53-47b1-9c2b-87cd2f3a08da,2024-08-08 01:41:21.836+00,2024-08-08 01:41:21.836+00
8c931007-d8bc-4213-9d43-f6f679845f21,c71e850c-b566-4424-9296-cd1fe2aa3228,880369a6-6b14-4a6b-b3cb-4aaabc33369a,f08326cf-dc53-47b1-9c2b-87cd2f3a08da,2024-08-08 01:41:21.844+00,2024-08-08 01:41:21.844+00
4d012e84-bdc8-4919-ae1d-b1caa873c763,c71e850c-b566-4424-9296-cd1fe2aa3228,3857b311-0df8-462f-a042-6a560f3528eb,f08326cf-dc53-47b1-9c2b-87cd2f3a08da,2024-08-08 01:41:21.85+00,2024-08-08 01:41:21.85+00
cc636ac0-cdad-4b43-b9f6-89fbe1f22fd9,bacb136b-0756-4137-b0f4-db7cc2d508f3,21a45a4f-052d-4bfc-920e-adcda1cfe19c,e109c88d-2f5e-42af-9d2b-eca986d74006,2024-08-08 01:41:34.894+00,2024-08-08 01:41:34.894+00
09dc16ea-6964-4773-a65f-2ac1d8707214,bacb136b-0756-4137-b0f4-db7cc2d508f3,3b3a5d08-696f-42a3-856d-09992761a09e,e109c88d-2f5e-42af-9d2b-eca986d74006,2024-08-08 01:41:34.902+00,2024-08-08 01:41:34.902+00
6b1887e4-4454-47c3-87a3-6289d4f81049,bacb136b-0756-4137-b0f4-db7cc2d508f3,57e069f8-7059-4d2f-83d6-3f16f7aa0938,e109c88d-2f5e-42af-9d2b-eca986d74006,2024-08-08 01:41:34.912+00,2024-08-08 01:41:34.912+00
b73185ae-9a27-421e-b9a8-b5ed55d45a6a,bacb136b-0756-4137-b0f4-db7cc2d508f3,880369a6-6b14-4a6b-b3cb-4aaabc33369a,e109c88d-2f5e-42af-9d2b-eca986d74006,2024-08-08 01:41:34.92+00,2024-08-08 01:41:34.92+00
cd64ba3e-8548-4ae8-aacf-0f0ed7a3e7a0,bacb136b-0756-4137-b0f4-db7cc2d508f3,3857b311-0df8-462f-a042-6a560f3528eb,e109c88d-2f5e-42af-9d2b-eca986d74006,2024-08-08 01:41:34.928+00,2024-08-08 01:41:34.928+00
35e6cab7-54e8-4598-b98a-f87fd1c05ed0,127c8efd-ac18-438a-9343-258a9303244a,21a45a4f-052d-4bfc-920e-adcda1cfe19c,14a15b04-5712-484e-be96-dd9a26a8ac70,2024-08-08 01:41:40.928+00,2024-08-08 01:41:40.928+00
93856b5c-6776-42f7-8ead-ed80d8a91cb7,127c8efd-ac18-438a-9343-258a9303244a,3b3a5d08-696f-42a3-856d-09992761a09e,14a15b04-5712-484e-be96-dd9a26a8ac70,2024-08-08 01:41:40.936+00,2024-08-08 01:41:40.936+00
1e783b7e-5932-47ad-b13f-f625ee0dbfea,127c8efd-ac18-438a-9343-258a9303244a,be766134-111b-4a83-afdd-d6c54596d486,14a15b04-5712-484e-be96-dd9a26a8ac70,2024-08-08 01:41:40.945+00,2024-08-08 01:41:40.945+00
00f0dd64-247a-4fa0-a3c3-c3e43500482b,127c8efd-ac18-438a-9343-258a9303244a,880369a6-6b14-4a6b-b3cb-4aaabc33369a,14a15b04-5712-484e-be96-dd9a26a8ac70,2024-08-08 01:41:40.951+00,2024-08-08 01:41:40.951+00
86522001-316c-4b8d-80b5-d5107a1501f0,127c8efd-ac18-438a-9343-258a9303244a,3857b311-0df8-462f-a042-6a560f3528eb,14a15b04-5712-484e-be96-dd9a26a8ac70,2024-08-08 01:41:40.958+00,2024-08-08 01:41:40.958+00
7748d2b6-18f1-42c8-a097-8e8f9e7e3e94,dd008484-e542-4407-beb7-5ed67d8d3709,21a45a4f-052d-4bfc-920e-adcda1cfe19c,bac425da-3de4-4e5d-87a4-59c141969c8d,2024-08-08 01:41:56.108+00,2024-08-08 01:41:56.108+00
69e95f9e-0728-4a23-8a21-dfc709c75f5f,dd008484-e542-4407-beb7-5ed67d8d3709,3b3a5d08-696f-42a3-856d-09992761a09e,bac425da-3de4-4e5d-87a4-59c141969c8d,2024-08-08 01:41:56.116+00,2024-08-08 01:41:56.116+00
a568c424-347d-40ff-b03e-1fa4a50321ef,dd008484-e542-4407-beb7-5ed67d8d3709,57e069f8-7059-4d2f-83d6-3f16f7aa0938,bac425da-3de4-4e5d-87a4-59c141969c8d,2024-08-08 01:41:56.123+00,2024-08-08 01:41:56.123+00
5263f947-5fbc-4a96-9bb2-fab35ef69dcf,dd008484-e542-4407-beb7-5ed67d8d3709,caa12af6-8d12-42e6-985d-82190eb650ec,bac425da-3de4-4e5d-87a4-59c141969c8d,2024-08-08 01:41:56.132+00,2024-08-08 01:41:56.132+00
9b3211bb-9b89-48a5-8cf5-124fd9697c42,dd008484-e542-4407-beb7-5ed67d8d3709,f5fb2002-9ed8-4520-99ef-46df7e453375,bac425da-3de4-4e5d-87a4-59c141969c8d,2024-08-08 01:41:56.139+00,2024-08-08 01:41:56.139+00
3dad4e00-a15d-4fdf-a5b6-bf9f936bc149,d0994fb0-2cba-40c8-aef7-2abe81f56083,3b3a5d08-696f-42a3-856d-09992761a09e,4fc8816f-4696-40ef-ba97-c9b0b277d4ed,2024-08-08 01:42:09.574+00,2024-08-08 01:42:09.574+00
b666cca1-be0f-4169-a04e-bdda919ee71f,d0994fb0-2cba-40c8-aef7-2abe81f56083,21a45a4f-052d-4bfc-920e-adcda1cfe19c,4fc8816f-4696-40ef-ba97-c9b0b277d4ed,2024-08-08 01:42:09.583+00,2024-08-08 01:42:09.583+00
7fcf6953-e988-4a6e-a366-419e18ce25b5,d0994fb0-2cba-40c8-aef7-2abe81f56083,be766134-111b-4a83-afdd-d6c54596d486,4fc8816f-4696-40ef-ba97-c9b0b277d4ed,2024-08-08 01:42:09.589+00,2024-08-08 01:42:09.589+00
ccc67cad-97b3-452e-a72d-98c7e3928150,d0994fb0-2cba-40c8-aef7-2abe81f56083,880369a6-6b14-4a6b-b3cb-4aaabc33369a,4fc8816f-4696-40ef-ba97-c9b0b277d4ed,2024-08-08 01:42:09.595+00,2024-08-08 01:42:09.595+00
713880a7-f8e7-4f00-b8ec-398e1eb2bed4,d0994fb0-2cba-40c8-aef7-2abe81f56083,3857b311-0df8-462f-a042-6a560f3528eb,4fc8816f-4696-40ef-ba97-c9b0b277d4ed,2024-08-08 01:42:09.603+00,2024-08-08 01:42:09.603+00
810bed7d-195b-4673-b5dd-64cbc870c259,2d752017-05b2-4ff8-a308-576b3e25e592,3b3a5d08-696f-42a3-856d-09992761a09e,9983f4d0-f444-49eb-8ac5-90d3d7e4f1bc,2024-08-08 01:42:17.237+00,2024-08-08 01:42:17.237+00
06168aba-abe9-4dcb-bdc4-7a64013e8d77,2d752017-05b2-4ff8-a308-576b3e25e592,21a45a4f-052d-4bfc-920e-adcda1cfe19c,9983f4d0-f444-49eb-8ac5-90d3d7e4f1bc,2024-08-08 01:42:17.244+00,2024-08-08 01:42:17.244+00
7abf8940-0fdc-46ed-8526-ef3f54813db1,2d752017-05b2-4ff8-a308-576b3e25e592,be766134-111b-4a83-afdd-d6c54596d486,9983f4d0-f444-49eb-8ac5-90d3d7e4f1bc,2024-08-08 01:42:17.251+00,2024-08-08 01:42:17.251+00
f18c3f8a-209c-4d94-8f96-4ec879b87895,2d752017-05b2-4ff8-a308-576b3e25e592,880369a6-6b14-4a6b-b3cb-4aaabc33369a,9983f4d0-f444-49eb-8ac5-90d3d7e4f1bc,2024-08-08 01:42:17.262+00,2024-08-08 01:42:17.262+00
c7cf8333-1e54-4d81-97a7-0ab2df131fee,2d752017-05b2-4ff8-a308-576b3e25e592,3857b311-0df8-462f-a042-6a560f3528eb,9983f4d0-f444-49eb-8ac5-90d3d7e4f1bc,2024-08-08 01:42:17.269+00,2024-08-08 01:42:17.269+00
aae86323-2ec8-4bd7-b34f-a98385601ffb,3eabb632-8398-43e2-b043-124d9dbfc1e9,3b3a5d08-696f-42a3-856d-09992761a09e,e2c2f6ac-333a-4ea2-b12c-962ada82f0f1,2024-08-08 01:42:18.613+00,2024-08-08 01:42:18.613+00
ca115039-bd96-4b82-a92c-18ddd5df5bc9,3eabb632-8398-43e2-b043-124d9dbfc1e9,21a45a4f-052d-4bfc-920e-adcda1cfe19c,e2c2f6ac-333a-4ea2-b12c-962ada82f0f1,2024-08-08 01:42:18.623+00,2024-08-08 01:42:18.623+00
3a7c6f78-585a-4e5f-b977-d7434a9fb123,3eabb632-8398-43e2-b043-124d9dbfc1e9,57e069f8-7059-4d2f-83d6-3f16f7aa0938,e2c2f6ac-333a-4ea2-b12c-962ada82f0f1,2024-08-08 01:42:18.631+00,2024-08-08 01:42:18.631+00
5440a269-1be5-45be-97a0-8206987164af,3eabb632-8398-43e2-b043-124d9dbfc1e9,caa12af6-8d12-42e6-985d-82190eb650ec,e2c2f6ac-333a-4ea2-b12c-962ada82f0f1,2024-08-08 01:42:18.639+00,2024-08-08 01:42:18.639+00
99e36d69-c1b9-43bb-b5d2-c288b5b313b5,3eabb632-8398-43e2-b043-124d9dbfc1e9,3857b311-0df8-462f-a042-6a560f3528eb,e2c2f6ac-333a-4ea2-b12c-962ada82f0f1,2024-08-08 01:42:18.645+00,2024-08-08 01:42:18.645+00
19450596-96cb-45b7-bb85-b7cccd0f62db,29d77568-5fb1-414f-a749-54bef7c37f8a,21a45a4f-052d-4bfc-920e-adcda1cfe19c,fc9ba201-fd64-4300-8667-3ee3c4470b21,2024-08-08 01:42:41.154+00,2024-08-08 01:42:41.154+00
664785b0-5ddc-4473-8e1e-9f8b083aa317,29d77568-5fb1-414f-a749-54bef7c37f8a,3b3a5d08-696f-42a3-856d-09992761a09e,fc9ba201-fd64-4300-8667-3ee3c4470b21,2024-08-08 01:42:41.161+00,2024-08-08 01:42:41.161+00
4604c779-5f77-46a3-b09d-bf14fe772e43,29d77568-5fb1-414f-a749-54bef7c37f8a,be766134-111b-4a83-afdd-d6c54596d486,fc9ba201-fd64-4300-8667-3ee3c4470b21,2024-08-08 01:42:41.171+00,2024-08-08 01:42:41.171+00
3bce8721-5119-44f1-9733-d9140a45aec5,29d77568-5fb1-414f-a749-54bef7c37f8a,880369a6-6b14-4a6b-b3cb-4aaabc33369a,fc9ba201-fd64-4300-8667-3ee3c4470b21,2024-08-08 01:42:41.181+00,2024-08-08 01:42:41.181+00
5a03209d-bbc7-4d5d-a1d0-c0d3aeb8ebdd,29d77568-5fb1-414f-a749-54bef7c37f8a,3857b311-0df8-462f-a042-6a560f3528eb,fc9ba201-fd64-4300-8667-3ee3c4470b21,2024-08-08 01:42:41.189+00,2024-08-08 01:42:41.189+00
06a0fac9-b0d3-42f2-a936-7cff40c079f8,9daa3fe3-5c68-4234-b559-521e8e8b858b,21a45a4f-052d-4bfc-920e-adcda1cfe19c,88b2c7c5-16d6-4848-8025-b246f50a972d,2024-08-08 01:43:23.962+00,2024-08-08 01:43:23.962+00
20f895a5-95cb-4ce9-be03-d23817564fea,9daa3fe3-5c68-4234-b559-521e8e8b858b,3b3a5d08-696f-42a3-856d-09992761a09e,88b2c7c5-16d6-4848-8025-b246f50a972d,2024-08-08 01:43:23.969+00,2024-08-08 01:43:23.969+00
901bad66-9c75-47f1-9b77-38f232219b72,9daa3fe3-5c68-4234-b559-521e8e8b858b,be766134-111b-4a83-afdd-d6c54596d486,88b2c7c5-16d6-4848-8025-b246f50a972d,2024-08-08 01:43:23.978+00,2024-08-08 01:43:23.978+00
c01bb61a-8993-4ac1-8979-9a9e735f2249,9daa3fe3-5c68-4234-b559-521e8e8b858b,caa12af6-8d12-42e6-985d-82190eb650ec,88b2c7c5-16d6-4848-8025-b246f50a972d,2024-08-08 01:43:23.992+00,2024-08-08 01:43:23.992+00
2c1b87b0-c4e1-4832-bfcb-2df244278c1e,cfd80c72-16a9-4d6f-a923-8754179f0172,21a45a4f-052d-4bfc-920e-adcda1cfe19c,2745d994-d1c4-4600-8234-0a52f6b73be9,2024-08-08 01:44:03.989+00,2024-08-08 01:44:03.989+00
e9577d22-8f1d-4393-966b-90a418b4f7cc,cfd80c72-16a9-4d6f-a923-8754179f0172,3b3a5d08-696f-42a3-856d-09992761a09e,2745d994-d1c4-4600-8234-0a52f6b73be9,2024-08-08 01:44:04+00,2024-08-08 01:44:04+00
694d2043-49e5-4632-b0e2-91e6718410ec,cfd80c72-16a9-4d6f-a923-8754179f0172,be766134-111b-4a83-afdd-d6c54596d486,2745d994-d1c4-4600-8234-0a52f6b73be9,2024-08-08 01:44:04.012+00,2024-08-08 01:44:04.012+00
760d311a-02f2-416d-949e-752554822609,cfd80c72-16a9-4d6f-a923-8754179f0172,880369a6-6b14-4a6b-b3cb-4aaabc33369a,2745d994-d1c4-4600-8234-0a52f6b73be9,2024-08-08 01:44:04.022+00,2024-08-08 01:44:04.022+00
2900e059-b9c6-4b9f-b42a-c56856971204,cfd80c72-16a9-4d6f-a923-8754179f0172,3857b311-0df8-462f-a042-6a560f3528eb,2745d994-d1c4-4600-8234-0a52f6b73be9,2024-08-08 01:44:04.028+00,2024-08-08 01:44:04.028+00
aa897069-f56f-46a2-bed5-5fe5e02fcf5c,b361ed09-c89f-4ea6-9343-61829bc952a3,21a45a4f-052d-4bfc-920e-adcda1cfe19c,8a8d8c20-d735-43b9-bf68-e0fb0c8c7b4a,2024-08-08 01:44:08.605+00,2024-08-08 01:44:08.605+00
6261ac03-2c0a-4c18-88d9-fc86caa81b85,b361ed09-c89f-4ea6-9343-61829bc952a3,3b3a5d08-696f-42a3-856d-09992761a09e,8a8d8c20-d735-43b9-bf68-e0fb0c8c7b4a,2024-08-08 01:44:08.613+00,2024-08-08 01:44:08.613+00
40b877bf-ab6f-4f37-969d-9890d153649c,b361ed09-c89f-4ea6-9343-61829bc952a3,be766134-111b-4a83-afdd-d6c54596d486,8a8d8c20-d735-43b9-bf68-e0fb0c8c7b4a,2024-08-08 01:44:08.621+00,2024-08-08 01:44:08.621+00
1c26218f-f639-483e-8661-7e7bce574056,b361ed09-c89f-4ea6-9343-61829bc952a3,caa12af6-8d12-42e6-985d-82190eb650ec,8a8d8c20-d735-43b9-bf68-e0fb0c8c7b4a,2024-08-08 01:44:08.628+00,2024-08-08 01:44:08.628+00
3c71028d-f548-44da-b280-c30944d4cb67,b361ed09-c89f-4ea6-9343-61829bc952a3,3857b311-0df8-462f-a042-6a560f3528eb,8a8d8c20-d735-43b9-bf68-e0fb0c8c7b4a,2024-08-08 01:44:08.634+00,2024-08-08 01:44:08.634+00
bf94b796-6565-4aab-8770-92220a23a3e6,5654124b-f9c1-413f-9241-024cabebe56c,3b3a5d08-696f-42a3-856d-09992761a09e,b0cfec41-8a8b-43c3-b7bb-87479ab10761,2024-08-08 01:44:33.492+00,2024-08-08 01:44:33.492+00
3ecabe1b-3cd0-4b11-9cc6-c3b036d63c83,5654124b-f9c1-413f-9241-024cabebe56c,21a45a4f-052d-4bfc-920e-adcda1cfe19c,b0cfec41-8a8b-43c3-b7bb-87479ab10761,2024-08-08 01:44:33.512+00,2024-08-08 01:44:33.512+00
fcaacfdd-2ecb-4536-b191-4107319c5219,5654124b-f9c1-413f-9241-024cabebe56c,be766134-111b-4a83-afdd-d6c54596d486,b0cfec41-8a8b-43c3-b7bb-87479ab10761,2024-08-08 01:44:33.523+00,2024-08-08 01:44:33.523+00
06d676a7-9321-4faf-a21c-ee1c385bb201,5654124b-f9c1-413f-9241-024cabebe56c,caa12af6-8d12-42e6-985d-82190eb650ec,b0cfec41-8a8b-43c3-b7bb-87479ab10761,2024-08-08 01:44:33.53+00,2024-08-08 01:44:33.53+00
91277a21-ec69-42a3-aeed-f727ffb83e5f,5654124b-f9c1-413f-9241-024cabebe56c,f5fb2002-9ed8-4520-99ef-46df7e453375,b0cfec41-8a8b-43c3-b7bb-87479ab10761,2024-08-08 01:44:33.536+00,2024-08-08 01:44:33.536+00
cc1bbefe-7645-445c-8061-e72eab88221f,82094f8e-2ed5-48ec-b5c8-f7f1f3db5344,3b3a5d08-696f-42a3-856d-09992761a09e,e886dbcd-718d-4949-94cf-a21a1be6fa08,2024-08-08 01:44:54.811+00,2024-08-08 01:44:54.811+00
4020792b-7a3e-4b85-9925-e8285c5feb84,82094f8e-2ed5-48ec-b5c8-f7f1f3db5344,21a45a4f-052d-4bfc-920e-adcda1cfe19c,e886dbcd-718d-4949-94cf-a21a1be6fa08,2024-08-08 01:44:54.818+00,2024-08-08 01:44:54.818+00
7328e452-7bd3-45c9-9d46-e59a16dfe72a,82094f8e-2ed5-48ec-b5c8-f7f1f3db5344,57e069f8-7059-4d2f-83d6-3f16f7aa0938,e886dbcd-718d-4949-94cf-a21a1be6fa08,2024-08-08 01:44:54.826+00,2024-08-08 01:44:54.826+00
e51f0beb-38d2-4655-8ef3-006a181b2474,82094f8e-2ed5-48ec-b5c8-f7f1f3db5344,caa12af6-8d12-42e6-985d-82190eb650ec,e886dbcd-718d-4949-94cf-a21a1be6fa08,2024-08-08 01:44:54.833+00,2024-08-08 01:44:54.833+00
d13dc817-df0c-478c-b748-3b3228bce744,82094f8e-2ed5-48ec-b5c8-f7f1f3db5344,3857b311-0df8-462f-a042-6a560f3528eb,e886dbcd-718d-4949-94cf-a21a1be6fa08,2024-08-08 01:44:54.844+00,2024-08-08 01:44:54.844+00
e0a6fc5f-bb3e-4d0b-8c54-6e4407210916,189f6707-cf26-4d16-9ef1-8a03b6067280,21a45a4f-052d-4bfc-920e-adcda1cfe19c,eea50c58-97d8-4d1e-84e4-0b0ada6cf04f,2024-08-08 01:45:03.66+00,2024-08-08 01:45:03.66+00
c31eb9e6-0cd7-4349-98ad-c538a51c638b,189f6707-cf26-4d16-9ef1-8a03b6067280,3b3a5d08-696f-42a3-856d-09992761a09e,eea50c58-97d8-4d1e-84e4-0b0ada6cf04f,2024-08-08 01:45:03.668+00,2024-08-08 01:45:03.668+00
0fd2574b-7885-4c23-ab9f-9cebf2b41145,189f6707-cf26-4d16-9ef1-8a03b6067280,be766134-111b-4a83-afdd-d6c54596d486,eea50c58-97d8-4d1e-84e4-0b0ada6cf04f,2024-08-08 01:45:03.675+00,2024-08-08 01:45:03.675+00
54b94e87-953b-48a6-a0dd-060d3ab69d42,189f6707-cf26-4d16-9ef1-8a03b6067280,caa12af6-8d12-42e6-985d-82190eb650ec,eea50c58-97d8-4d1e-84e4-0b0ada6cf04f,2024-08-08 01:45:03.683+00,2024-08-08 01:45:03.683+00
d41da613-3d1f-44c3-a9d4-20e90cd8c8e6,3b6e0c74-360d-4170-9f9a-0c1b182ca554,21a45a4f-052d-4bfc-920e-adcda1cfe19c,f726e018-74b8-4d4f-b0ee-fadca7907b1f,2024-08-08 01:45:11.057+00,2024-08-08 01:45:11.057+00
4a41b98d-1157-4ea0-8a3a-4f4a1e0e4f9a,3b6e0c74-360d-4170-9f9a-0c1b182ca554,3b3a5d08-696f-42a3-856d-09992761a09e,f726e018-74b8-4d4f-b0ee-fadca7907b1f,2024-08-08 01:45:11.065+00,2024-08-08 01:45:11.065+00
7eb9af1a-93ee-47be-96c8-63b7230e5a39,3b6e0c74-360d-4170-9f9a-0c1b182ca554,57e069f8-7059-4d2f-83d6-3f16f7aa0938,f726e018-74b8-4d4f-b0ee-fadca7907b1f,2024-08-08 01:45:11.071+00,2024-08-08 01:45:11.071+00
07f6b298-6943-47c7-a48a-800f4517a36d,3b6e0c74-360d-4170-9f9a-0c1b182ca554,caa12af6-8d12-42e6-985d-82190eb650ec,f726e018-74b8-4d4f-b0ee-fadca7907b1f,2024-08-08 01:45:11.078+00,2024-08-08 01:45:11.078+00
efd26039-a75c-4ccb-8513-23640204397b,3b6e0c74-360d-4170-9f9a-0c1b182ca554,3857b311-0df8-462f-a042-6a560f3528eb,f726e018-74b8-4d4f-b0ee-fadca7907b1f,2024-08-08 01:45:11.086+00,2024-08-08 01:45:11.086+00
0ce0b3f1-9737-402e-b663-6e62aa6c39b9,e8d98bf2-8fad-4808-a0a9-5d9052e044c1,21a45a4f-052d-4bfc-920e-adcda1cfe19c,f85553bf-5211-4be1-a99e-9129c1fbf798,2024-08-08 01:45:42.786+00,2024-08-08 01:45:42.786+00
0dc161ad-f434-4fe7-a03d-e1218814f06d,e8d98bf2-8fad-4808-a0a9-5d9052e044c1,3b3a5d08-696f-42a3-856d-09992761a09e,f85553bf-5211-4be1-a99e-9129c1fbf798,2024-08-08 01:45:42.793+00,2024-08-08 01:45:42.793+00
75bbac2f-8451-4f14-a16c-763bfb68850a,e8d98bf2-8fad-4808-a0a9-5d9052e044c1,be766134-111b-4a83-afdd-d6c54596d486,f85553bf-5211-4be1-a99e-9129c1fbf798,2024-08-08 01:45:42.801+00,2024-08-08 01:45:42.801+00
65f75509-528c-45ce-82a8-b65a33a572a5,e8d98bf2-8fad-4808-a0a9-5d9052e044c1,880369a6-6b14-4a6b-b3cb-4aaabc33369a,f85553bf-5211-4be1-a99e-9129c1fbf798,2024-08-08 01:45:42.808+00,2024-08-08 01:45:42.808+00
8db9c156-a53c-493a-a2fa-f5e7e572319a,e8d98bf2-8fad-4808-a0a9-5d9052e044c1,f5fb2002-9ed8-4520-99ef-46df7e453375,f85553bf-5211-4be1-a99e-9129c1fbf798,2024-08-08 01:45:42.82+00,2024-08-08 01:45:42.82+00
e9418fe1-448f-4496-9fa5-a2404adfdf26,c2920335-4fee-4415-88f3-d9fd47613c3c,3b3a5d08-696f-42a3-856d-09992761a09e,dbd64b69-32fb-4b23-8e33-a6a49bc43c38,2024-08-08 01:45:49.249+00,2024-08-08 01:45:49.249+00
85aa113d-dcb3-4761-b8ce-93167697ba0a,c2920335-4fee-4415-88f3-d9fd47613c3c,21a45a4f-052d-4bfc-920e-adcda1cfe19c,dbd64b69-32fb-4b23-8e33-a6a49bc43c38,2024-08-08 01:45:49.265+00,2024-08-08 01:45:49.265+00
29c3b889-8665-481e-84da-f4f288a9dd01,c2920335-4fee-4415-88f3-d9fd47613c3c,57e069f8-7059-4d2f-83d6-3f16f7aa0938,dbd64b69-32fb-4b23-8e33-a6a49bc43c38,2024-08-08 01:45:49.276+00,2024-08-08 01:45:49.276+00
a2303767-6928-4319-b324-a30ca4b0efa1,c2920335-4fee-4415-88f3-d9fd47613c3c,caa12af6-8d12-42e6-985d-82190eb650ec,dbd64b69-32fb-4b23-8e33-a6a49bc43c38,2024-08-08 01:45:49.286+00,2024-08-08 01:45:49.286+00
7fd9d664-6769-4ebf-b626-842388bb82df,c2920335-4fee-4415-88f3-d9fd47613c3c,f5fb2002-9ed8-4520-99ef-46df7e453375,dbd64b69-32fb-4b23-8e33-a6a49bc43c38,2024-08-08 01:45:49.293+00,2024-08-08 01:45:49.293+00
41115824-6fa8-47c7-b571-d03a3587668d,8678c97a-8fa1-48e8-8cac-98dfd096d8d6,3b3a5d08-696f-42a3-856d-09992761a09e,6f56f0ec-ec30-49b7-8776-33c70cc463d5,2024-08-08 01:46:45.432+00,2024-08-08 01:46:45.432+00
f5e77a7d-34a9-4116-8f7a-7e3f96d60462,8678c97a-8fa1-48e8-8cac-98dfd096d8d6,21a45a4f-052d-4bfc-920e-adcda1cfe19c,6f56f0ec-ec30-49b7-8776-33c70cc463d5,2024-08-08 01:46:45.44+00,2024-08-08 01:46:45.44+00
af45f937-688a-4ca0-b71d-cb1b1c8e473a,8678c97a-8fa1-48e8-8cac-98dfd096d8d6,be766134-111b-4a83-afdd-d6c54596d486,6f56f0ec-ec30-49b7-8776-33c70cc463d5,2024-08-08 01:46:45.449+00,2024-08-08 01:46:45.449+00
c408ae96-32ca-4f51-b440-535ae5d4ab3f,8678c97a-8fa1-48e8-8cac-98dfd096d8d6,880369a6-6b14-4a6b-b3cb-4aaabc33369a,6f56f0ec-ec30-49b7-8776-33c70cc463d5,2024-08-08 01:46:45.456+00,2024-08-08 01:46:45.456+00
6d32a355-95c6-4419-8485-29d857cb1320,8678c97a-8fa1-48e8-8cac-98dfd096d8d6,3857b311-0df8-462f-a042-6a560f3528eb,6f56f0ec-ec30-49b7-8776-33c70cc463d5,2024-08-08 01:46:45.463+00,2024-08-08 01:46:45.463+00
d8c0cfb2-b82d-48ee-861c-07667ef6c519,9bb2e6c1-735d-4d22-b8f2-b06944f18c3f,21a45a4f-052d-4bfc-920e-adcda1cfe19c,6afe370f-00a6-4ace-b34d-037a3b2c9786,2024-08-08 01:47:08.587+00,2024-08-08 01:47:08.587+00
e0595e2e-d9f4-4e93-aea4-00e6be6f531b,9bb2e6c1-735d-4d22-b8f2-b06944f18c3f,3b3a5d08-696f-42a3-856d-09992761a09e,6afe370f-00a6-4ace-b34d-037a3b2c9786,2024-08-08 01:47:08.595+00,2024-08-08 01:47:08.595+00
dcd57361-c8c6-40b2-b02b-c0ef7e451d34,9bb2e6c1-735d-4d22-b8f2-b06944f18c3f,be766134-111b-4a83-afdd-d6c54596d486,6afe370f-00a6-4ace-b34d-037a3b2c9786,2024-08-08 01:47:08.602+00,2024-08-08 01:47:08.602+00
264cbf86-1085-4cd7-ad04-2fafb4a5ffcd,9bb2e6c1-735d-4d22-b8f2-b06944f18c3f,880369a6-6b14-4a6b-b3cb-4aaabc33369a,6afe370f-00a6-4ace-b34d-037a3b2c9786,2024-08-08 01:47:08.617+00,2024-08-08 01:47:08.617+00
9d1e0afe-a4f0-4262-9d22-133eb3c5db17,9bb2e6c1-735d-4d22-b8f2-b06944f18c3f,3857b311-0df8-462f-a042-6a560f3528eb,6afe370f-00a6-4ace-b34d-037a3b2c9786,2024-08-08 01:47:08.629+00,2024-08-08 01:47:08.629+00
68014f58-bf88-4791-ac24-5dfcc9498740,db3b399c-ed14-46fe-aa04-783a344d3ba2,21a45a4f-052d-4bfc-920e-adcda1cfe19c,d29ecefb-faec-4b58-b922-37c6155d62a5,2024-08-08 01:48:50.64+00,2024-08-08 01:48:50.64+00
e361b698-d6f3-43b5-8476-16d9af77b9d4,db3b399c-ed14-46fe-aa04-783a344d3ba2,3b3a5d08-696f-42a3-856d-09992761a09e,d29ecefb-faec-4b58-b922-37c6155d62a5,2024-08-08 01:48:50.647+00,2024-08-08 01:48:50.647+00
fceb195f-9974-44b9-8ff5-272f962c2090,db3b399c-ed14-46fe-aa04-783a344d3ba2,be766134-111b-4a83-afdd-d6c54596d486,d29ecefb-faec-4b58-b922-37c6155d62a5,2024-08-08 01:48:50.656+00,2024-08-08 01:48:50.656+00
0cd19d76-18dc-45de-b698-402d0c90cabf,db3b399c-ed14-46fe-aa04-783a344d3ba2,880369a6-6b14-4a6b-b3cb-4aaabc33369a,d29ecefb-faec-4b58-b922-37c6155d62a5,2024-08-08 01:48:50.664+00,2024-08-08 01:48:50.664+00
89284fa4-4165-4957-ab2b-d92529f0a40b,2550543f-109d-4231-b09b-e6e2a040fb85,21a45a4f-052d-4bfc-920e-adcda1cfe19c,5ff9616b-d38b-4f76-84d4-7ffed2c41ec3,2024-08-08 01:49:39.908+00,2024-08-08 01:49:39.908+00
c11ccbdc-9233-4c27-aaa0-5a41201de35d,2550543f-109d-4231-b09b-e6e2a040fb85,3b3a5d08-696f-42a3-856d-09992761a09e,5ff9616b-d38b-4f76-84d4-7ffed2c41ec3,2024-08-08 01:49:39.916+00,2024-08-08 01:49:39.916+00
b866600f-ca10-4bdf-8a32-781c319a207f,2550543f-109d-4231-b09b-e6e2a040fb85,be766134-111b-4a83-afdd-d6c54596d486,5ff9616b-d38b-4f76-84d4-7ffed2c41ec3,2024-08-08 01:49:39.923+00,2024-08-08 01:49:39.923+00
aa3731cf-a95c-4eec-9e4a-35795e588d56,2550543f-109d-4231-b09b-e6e2a040fb85,880369a6-6b14-4a6b-b3cb-4aaabc33369a,5ff9616b-d38b-4f76-84d4-7ffed2c41ec3,2024-08-08 01:49:39.93+00,2024-08-08 01:49:39.93+00
00f7eb3e-dc93-4998-938f-ed949b627064,e99acf58-db8f-4a90-8cc1-ed495f2e098c,21a45a4f-052d-4bfc-920e-adcda1cfe19c,a6ae6118-bfba-471a-a095-df98b180a7b9,2024-08-08 01:50:15.057+00,2024-08-08 01:50:15.057+00
2f4530dc-f58d-43fb-b7d5-b9edde23f7ce,e99acf58-db8f-4a90-8cc1-ed495f2e098c,3b3a5d08-696f-42a3-856d-09992761a09e,a6ae6118-bfba-471a-a095-df98b180a7b9,2024-08-08 01:50:15.064+00,2024-08-08 01:50:15.064+00
311e8612-62c0-4da6-970f-f10dfd3bcde8,e99acf58-db8f-4a90-8cc1-ed495f2e098c,57e069f8-7059-4d2f-83d6-3f16f7aa0938,a6ae6118-bfba-471a-a095-df98b180a7b9,2024-08-08 01:50:15.072+00,2024-08-08 01:50:15.072+00
1285dbe2-913a-4e81-87b7-52a0e42bb6b4,e99acf58-db8f-4a90-8cc1-ed495f2e098c,880369a6-6b14-4a6b-b3cb-4aaabc33369a,a6ae6118-bfba-471a-a095-df98b180a7b9,2024-08-08 01:50:15.078+00,2024-08-08 01:50:15.078+00
1b6c236c-a3e5-4ef5-8749-7c3b2e2db11a,e99acf58-db8f-4a90-8cc1-ed495f2e098c,f5fb2002-9ed8-4520-99ef-46df7e453375,a6ae6118-bfba-471a-a095-df98b180a7b9,2024-08-08 01:50:15.086+00,2024-08-08 01:50:15.086+00
c21d7590-f8f1-4fe1-ab26-ffa80910a13d,e646fbf2-4de5-4d9b-9ee2-6687b8ec3664,21a45a4f-052d-4bfc-920e-adcda1cfe19c,0694e3c0-b375-40c2-9770-216aed0acab8,2024-08-08 01:50:19.986+00,2024-08-08 01:50:19.986+00
05b415d5-e59e-4400-85cc-268a3fcae76c,e646fbf2-4de5-4d9b-9ee2-6687b8ec3664,3b3a5d08-696f-42a3-856d-09992761a09e,0694e3c0-b375-40c2-9770-216aed0acab8,2024-08-08 01:50:19.997+00,2024-08-08 01:50:19.997+00
5f530137-72a5-44e1-9998-f9a84488fd00,e646fbf2-4de5-4d9b-9ee2-6687b8ec3664,57e069f8-7059-4d2f-83d6-3f16f7aa0938,0694e3c0-b375-40c2-9770-216aed0acab8,2024-08-08 01:50:20.003+00,2024-08-08 01:50:20.003+00
77cd478b-59d3-4060-89e9-174e97f50fcc,e646fbf2-4de5-4d9b-9ee2-6687b8ec3664,880369a6-6b14-4a6b-b3cb-4aaabc33369a,0694e3c0-b375-40c2-9770-216aed0acab8,2024-08-08 01:50:20.011+00,2024-08-08 01:50:20.011+00
f2cd67b9-c9fb-49b0-a470-61ea2244be3d,e646fbf2-4de5-4d9b-9ee2-6687b8ec3664,3857b311-0df8-462f-a042-6a560f3528eb,0694e3c0-b375-40c2-9770-216aed0acab8,2024-08-08 01:50:20.017+00,2024-08-08 01:50:20.017+00
9a34bcc8-1c18-461b-8fcd-5a6e2b6af163,422ce7e8-683f-477e-9144-2be9b2f7fba4,3b3a5d08-696f-42a3-856d-09992761a09e,ca6d2af1-a604-439e-be03-5ede19b2d54a,2024-08-08 01:50:31.498+00,2024-08-08 01:50:31.498+00
b8ecfea2-e772-4f4b-91c3-2e7d73ca2506,422ce7e8-683f-477e-9144-2be9b2f7fba4,21a45a4f-052d-4bfc-920e-adcda1cfe19c,ca6d2af1-a604-439e-be03-5ede19b2d54a,2024-08-08 01:50:31.506+00,2024-08-08 01:50:31.506+00
d8a2b064-84ae-45df-851c-3a5fa9ed38f3,422ce7e8-683f-477e-9144-2be9b2f7fba4,be766134-111b-4a83-afdd-d6c54596d486,ca6d2af1-a604-439e-be03-5ede19b2d54a,2024-08-08 01:50:31.512+00,2024-08-08 01:50:31.512+00
ce644473-e305-4881-897e-18ffabbacf0a,422ce7e8-683f-477e-9144-2be9b2f7fba4,880369a6-6b14-4a6b-b3cb-4aaabc33369a,ca6d2af1-a604-439e-be03-5ede19b2d54a,2024-08-08 01:50:31.522+00,2024-08-08 01:50:31.522+00
84a0dbeb-df89-49c1-a461-a2604cf49f70,422ce7e8-683f-477e-9144-2be9b2f7fba4,f5fb2002-9ed8-4520-99ef-46df7e453375,ca6d2af1-a604-439e-be03-5ede19b2d54a,2024-08-08 01:50:31.533+00,2024-08-08 01:50:31.533+00
b9f0256c-90ec-4f17-b33f-1b04f8543f05,f81b61ea-2abc-4aed-a629-a15c494a17d1,3b3a5d08-696f-42a3-856d-09992761a09e,5c781649-5084-4505-ab03-54e432398b89,2024-08-08 01:51:28.775+00,2024-08-08 01:51:28.775+00
c3778a74-3aae-4589-a7aa-69d90629ad33,f81b61ea-2abc-4aed-a629-a15c494a17d1,21a45a4f-052d-4bfc-920e-adcda1cfe19c,5c781649-5084-4505-ab03-54e432398b89,2024-08-08 01:51:28.783+00,2024-08-08 01:51:28.783+00
2978000c-8231-467a-8a2a-abbafb5aa5d8,f81b61ea-2abc-4aed-a629-a15c494a17d1,be766134-111b-4a83-afdd-d6c54596d486,5c781649-5084-4505-ab03-54e432398b89,2024-08-08 01:51:28.791+00,2024-08-08 01:51:28.791+00
0e0b7efd-ac35-4023-9c19-dddb4e364cb6,f81b61ea-2abc-4aed-a629-a15c494a17d1,caa12af6-8d12-42e6-985d-82190eb650ec,5c781649-5084-4505-ab03-54e432398b89,2024-08-08 01:51:28.801+00,2024-08-08 01:51:28.801+00
374082fb-cc98-4929-811a-e046f7e98b7c,f81b61ea-2abc-4aed-a629-a15c494a17d1,3857b311-0df8-462f-a042-6a560f3528eb,5c781649-5084-4505-ab03-54e432398b89,2024-08-08 01:51:28.811+00,2024-08-08 01:51:28.811+00
b4abbb26-66a3-4cc2-a7ea-e324b36a47d2,9f5fd77c-1dfe-4118-a3fd-3f39d1675ee6,3b3a5d08-696f-42a3-856d-09992761a09e,9f82cbf8-2d10-4dee-aba1-b8da4ce7fa9f,2024-08-08 01:52:14.196+00,2024-08-08 01:52:14.196+00
fa309d55-4257-42c1-8dad-b0135309d095,9f5fd77c-1dfe-4118-a3fd-3f39d1675ee6,21a45a4f-052d-4bfc-920e-adcda1cfe19c,9f82cbf8-2d10-4dee-aba1-b8da4ce7fa9f,2024-08-08 01:52:14.204+00,2024-08-08 01:52:14.204+00
c6c1d368-9287-4a4f-a6d0-66c878aed2e6,9f5fd77c-1dfe-4118-a3fd-3f39d1675ee6,be766134-111b-4a83-afdd-d6c54596d486,9f82cbf8-2d10-4dee-aba1-b8da4ce7fa9f,2024-08-08 01:52:14.211+00,2024-08-08 01:52:14.211+00
c8df4f58-86fc-431b-a113-90af1086d775,9f5fd77c-1dfe-4118-a3fd-3f39d1675ee6,880369a6-6b14-4a6b-b3cb-4aaabc33369a,9f82cbf8-2d10-4dee-aba1-b8da4ce7fa9f,2024-08-08 01:52:14.217+00,2024-08-08 01:52:14.217+00
0310f454-d246-4705-b493-d2a2c66e8273,9f5fd77c-1dfe-4118-a3fd-3f39d1675ee6,3857b311-0df8-462f-a042-6a560f3528eb,9f82cbf8-2d10-4dee-aba1-b8da4ce7fa9f,2024-08-08 01:52:14.224+00,2024-08-08 01:52:14.224+00
2260092d-63d3-44cb-b116-3f3b8d3524a3,25adafb2-cf46-4ca2-addb-45e92acd1490,21a45a4f-052d-4bfc-920e-adcda1cfe19c,8262fdf9-c18c-4e9e-8704-6c9b81b7c1a2,2024-08-08 01:53:33.328+00,2024-08-08 01:53:33.328+00
8edf0e80-5861-46c8-b1e3-1aac6f2ff7b6,25adafb2-cf46-4ca2-addb-45e92acd1490,3b3a5d08-696f-42a3-856d-09992761a09e,8262fdf9-c18c-4e9e-8704-6c9b81b7c1a2,2024-08-08 01:53:33.342+00,2024-08-08 01:53:33.342+00
b8cd3cb2-e3c0-4287-a7c4-4d46bf1f4a76,25adafb2-cf46-4ca2-addb-45e92acd1490,be766134-111b-4a83-afdd-d6c54596d486,8262fdf9-c18c-4e9e-8704-6c9b81b7c1a2,2024-08-08 01:53:33.351+00,2024-08-08 01:53:33.351+00
71f729a0-bfba-4c8e-89e8-5f7d82eae382,25adafb2-cf46-4ca2-addb-45e92acd1490,caa12af6-8d12-42e6-985d-82190eb650ec,8262fdf9-c18c-4e9e-8704-6c9b81b7c1a2,2024-08-08 01:53:33.362+00,2024-08-08 01:53:33.362+00
987d5af1-10ee-4c95-8765-c9e13238ff15,25adafb2-cf46-4ca2-addb-45e92acd1490,3857b311-0df8-462f-a042-6a560f3528eb,8262fdf9-c18c-4e9e-8704-6c9b81b7c1a2,2024-08-08 01:53:33.372+00,2024-08-08 01:53:33.372+00
872c7bae-753d-4559-b911-60537fe9ec82,b33e7471-def7-4b03-9ecd-849bd6c5f539,21a45a4f-052d-4bfc-920e-adcda1cfe19c,7caa909f-59fc-4701-b59c-4f57f3991837,2024-08-08 01:53:41.229+00,2024-08-08 01:53:41.229+00
368803b1-de40-4c5b-97be-884213a91909,b33e7471-def7-4b03-9ecd-849bd6c5f539,3b3a5d08-696f-42a3-856d-09992761a09e,7caa909f-59fc-4701-b59c-4f57f3991837,2024-08-08 01:53:41.236+00,2024-08-08 01:53:41.236+00
971f4dbb-cab7-4213-8cce-c9be2790f0fc,b33e7471-def7-4b03-9ecd-849bd6c5f539,be766134-111b-4a83-afdd-d6c54596d486,7caa909f-59fc-4701-b59c-4f57f3991837,2024-08-08 01:53:41.243+00,2024-08-08 01:53:41.243+00
71f4310d-4377-4e5a-98b5-f046bf7e484c,b33e7471-def7-4b03-9ecd-849bd6c5f539,880369a6-6b14-4a6b-b3cb-4aaabc33369a,7caa909f-59fc-4701-b59c-4f57f3991837,2024-08-08 01:53:41.25+00,2024-08-08 01:53:41.25+00
6fe3091b-9fe0-4047-a78f-f3199025d3c3,b33e7471-def7-4b03-9ecd-849bd6c5f539,3857b311-0df8-462f-a042-6a560f3528eb,7caa909f-59fc-4701-b59c-4f57f3991837,2024-08-08 01:53:41.258+00,2024-08-08 01:53:41.258+00
24be5d74-00dc-4a45-9223-b4f4f514f96d,feaa9fc3-84ba-4502-8c4f-9e89548ca399,21a45a4f-052d-4bfc-920e-adcda1cfe19c,b1ee7e30-dce9-497f-b2e4-139948bcc720,2024-08-08 01:54:24.448+00,2024-08-08 01:54:24.448+00
5ef78f08-84b4-4f73-a285-9f70720d065e,feaa9fc3-84ba-4502-8c4f-9e89548ca399,3b3a5d08-696f-42a3-856d-09992761a09e,b1ee7e30-dce9-497f-b2e4-139948bcc720,2024-08-08 01:54:24.455+00,2024-08-08 01:54:24.455+00
00bf8b5b-83f2-4b87-a15b-9330817abbfa,feaa9fc3-84ba-4502-8c4f-9e89548ca399,57e069f8-7059-4d2f-83d6-3f16f7aa0938,b1ee7e30-dce9-497f-b2e4-139948bcc720,2024-08-08 01:54:24.462+00,2024-08-08 01:54:24.462+00
28a5d698-5857-43bc-89d0-dc550466c3b8,feaa9fc3-84ba-4502-8c4f-9e89548ca399,880369a6-6b14-4a6b-b3cb-4aaabc33369a,b1ee7e30-dce9-497f-b2e4-139948bcc720,2024-08-08 01:54:24.47+00,2024-08-08 01:54:24.47+00
3e4f745e-234b-46c4-a148-50209c04014d,feaa9fc3-84ba-4502-8c4f-9e89548ca399,3857b311-0df8-462f-a042-6a560f3528eb,b1ee7e30-dce9-497f-b2e4-139948bcc720,2024-08-08 01:54:24.476+00,2024-08-08 01:54:24.476+00
740970e6-0712-451c-9167-695428b5a92b,c60326dc-26eb-4b2e-bf31-5b4eddc58ae8,3b3a5d08-696f-42a3-856d-09992761a09e,02b50ea1-e0c6-49fa-95d7-ef014cbdd7ac,2024-08-08 01:55:09.507+00,2024-08-08 01:55:09.507+00
174ef000-b45a-4116-88fd-ff20f100eeeb,c60326dc-26eb-4b2e-bf31-5b4eddc58ae8,21a45a4f-052d-4bfc-920e-adcda1cfe19c,02b50ea1-e0c6-49fa-95d7-ef014cbdd7ac,2024-08-08 01:55:09.515+00,2024-08-08 01:55:09.515+00
2361f660-cee8-4584-9a03-bf6c9a1695d7,c60326dc-26eb-4b2e-bf31-5b4eddc58ae8,be766134-111b-4a83-afdd-d6c54596d486,02b50ea1-e0c6-49fa-95d7-ef014cbdd7ac,2024-08-08 01:55:09.522+00,2024-08-08 01:55:09.522+00
96a4035c-82bf-4172-a988-a4f20123958f,c60326dc-26eb-4b2e-bf31-5b4eddc58ae8,880369a6-6b14-4a6b-b3cb-4aaabc33369a,02b50ea1-e0c6-49fa-95d7-ef014cbdd7ac,2024-08-08 01:55:09.529+00,2024-08-08 01:55:09.529+00
6240c924-6e1a-495d-8cf8-d34cd816cb95,c60326dc-26eb-4b2e-bf31-5b4eddc58ae8,3857b311-0df8-462f-a042-6a560f3528eb,02b50ea1-e0c6-49fa-95d7-ef014cbdd7ac,2024-08-08 01:55:09.535+00,2024-08-08 01:55:09.535+00
8f1eafeb-9e45-4cc5-bb71-d2e8808d2ab2,b70c0584-91b9-4c18-95da-393949e9940f,3b3a5d08-696f-42a3-856d-09992761a09e,5a575516-48e4-4234-b80b-f263c7ed6ea0,2024-08-08 01:57:27.996+00,2024-08-08 01:57:27.996+00
8245ec59-91b6-4cf3-87ac-c989d0f99a10,b70c0584-91b9-4c18-95da-393949e9940f,21a45a4f-052d-4bfc-920e-adcda1cfe19c,5a575516-48e4-4234-b80b-f263c7ed6ea0,2024-08-08 01:57:28.004+00,2024-08-08 01:57:28.004+00
a8ae4fcb-0c74-4a26-82b1-0fc85c928138,b70c0584-91b9-4c18-95da-393949e9940f,be766134-111b-4a83-afdd-d6c54596d486,5a575516-48e4-4234-b80b-f263c7ed6ea0,2024-08-08 01:57:28.011+00,2024-08-08 01:57:28.011+00
bdbddb4a-8a48-44b3-866c-ccc7340cb9f4,b70c0584-91b9-4c18-95da-393949e9940f,caa12af6-8d12-42e6-985d-82190eb650ec,5a575516-48e4-4234-b80b-f263c7ed6ea0,2024-08-08 01:57:28.019+00,2024-08-08 01:57:28.019+00
712dfe66-37c4-43e3-9343-96f6b280a92a,b70c0584-91b9-4c18-95da-393949e9940f,3857b311-0df8-462f-a042-6a560f3528eb,5a575516-48e4-4234-b80b-f263c7ed6ea0,2024-08-08 01:57:28.025+00,2024-08-08 01:57:28.025+00
b9fe6092-5e5a-4baa-ba76-b4c8de4c0549,3a58d4df-aa1d-4e9b-a568-a385076c7a12,3b3a5d08-696f-42a3-856d-09992761a09e,7629d7bf-ff4f-493f-94f6-8526099ebb72,2024-08-08 01:59:38.915+00,2024-08-08 01:59:38.915+00
a2805ef2-3e5d-4d1f-a139-72e76d1f2e2e,3a58d4df-aa1d-4e9b-a568-a385076c7a12,21a45a4f-052d-4bfc-920e-adcda1cfe19c,7629d7bf-ff4f-493f-94f6-8526099ebb72,2024-08-08 01:59:38.922+00,2024-08-08 01:59:38.922+00
db6edf8e-7260-4bd9-84f4-9f9ed7fb01ab,3a58d4df-aa1d-4e9b-a568-a385076c7a12,57e069f8-7059-4d2f-83d6-3f16f7aa0938,7629d7bf-ff4f-493f-94f6-8526099ebb72,2024-08-08 01:59:38.929+00,2024-08-08 01:59:38.929+00
92890a45-916a-449a-8640-01a35cd96e3b,3a58d4df-aa1d-4e9b-a568-a385076c7a12,880369a6-6b14-4a6b-b3cb-4aaabc33369a,7629d7bf-ff4f-493f-94f6-8526099ebb72,2024-08-08 01:59:38.936+00,2024-08-08 01:59:38.936+00
7ef50e2a-be17-4af7-8b0b-b203c4785283,a4d2aaf2-933a-407b-ba80-9a69f2974cc8,21a45a4f-052d-4bfc-920e-adcda1cfe19c,c6301b99-fdfa-4fdf-928e-2ead8c035cdd,2024-08-08 02:04:35.95+00,2024-08-08 02:04:35.95+00
0a97d580-f788-4eab-887c-c0921d766369,a4d2aaf2-933a-407b-ba80-9a69f2974cc8,3b3a5d08-696f-42a3-856d-09992761a09e,c6301b99-fdfa-4fdf-928e-2ead8c035cdd,2024-08-08 02:04:35.958+00,2024-08-08 02:04:35.958+00
a48f2ff4-b3ae-4f8a-93ee-19915885711d,a4d2aaf2-933a-407b-ba80-9a69f2974cc8,be766134-111b-4a83-afdd-d6c54596d486,c6301b99-fdfa-4fdf-928e-2ead8c035cdd,2024-08-08 02:04:35.965+00,2024-08-08 02:04:35.965+00
584a8201-b1d2-4df2-b738-15ddf5edd738,a4d2aaf2-933a-407b-ba80-9a69f2974cc8,caa12af6-8d12-42e6-985d-82190eb650ec,c6301b99-fdfa-4fdf-928e-2ead8c035cdd,2024-08-08 02:04:35.972+00,2024-08-08 02:04:35.972+00
f2b7b3e3-caf6-4d0a-851c-df543a301c2b,a4d2aaf2-933a-407b-ba80-9a69f2974cc8,f5fb2002-9ed8-4520-99ef-46df7e453375,c6301b99-fdfa-4fdf-928e-2ead8c035cdd,2024-08-08 02:04:35.98+00,2024-08-08 02:04:35.98+00
9c71c6cc-e206-4b58-9841-e6d2adeb24f8,25cfbf8b-8b14-4330-ac15-84bb20b26fd3,3b3a5d08-696f-42a3-856d-09992761a09e,40508a65-0c98-4bc4-a555-4fc50511a362,2024-08-08 02:04:52.868+00,2024-08-08 02:04:52.868+00
f41f4609-cdec-41ca-8879-0dbfa4415ac7,25cfbf8b-8b14-4330-ac15-84bb20b26fd3,21a45a4f-052d-4bfc-920e-adcda1cfe19c,40508a65-0c98-4bc4-a555-4fc50511a362,2024-08-08 02:04:52.877+00,2024-08-08 02:04:52.877+00
f089ed98-a73b-45b1-83f9-fc07d1100670,25cfbf8b-8b14-4330-ac15-84bb20b26fd3,be766134-111b-4a83-afdd-d6c54596d486,40508a65-0c98-4bc4-a555-4fc50511a362,2024-08-08 02:04:52.885+00,2024-08-08 02:04:52.885+00
84a3fb3c-bed5-486d-8091-f5f8e96e1358,25cfbf8b-8b14-4330-ac15-84bb20b26fd3,caa12af6-8d12-42e6-985d-82190eb650ec,40508a65-0c98-4bc4-a555-4fc50511a362,2024-08-08 02:04:52.895+00,2024-08-08 02:04:52.895+00
e004627a-d07c-4e43-b5e8-b112f3875413,25cfbf8b-8b14-4330-ac15-84bb20b26fd3,3857b311-0df8-462f-a042-6a560f3528eb,40508a65-0c98-4bc4-a555-4fc50511a362,2024-08-08 02:04:52.905+00,2024-08-08 02:04:52.905+00
f9e14f90-b027-41d9-881b-1b12c05e77f7,a4ae67f1-34e5-482f-9190-281a0ecf3ac4,3b3a5d08-696f-42a3-856d-09992761a09e,f46b93fd-54af-431e-b597-e3c4ac8386e2,2024-08-08 02:09:05.599+00,2024-08-08 02:09:05.599+00
d5062814-e299-47fd-ba78-3861ac4726c1,a4ae67f1-34e5-482f-9190-281a0ecf3ac4,21a45a4f-052d-4bfc-920e-adcda1cfe19c,f46b93fd-54af-431e-b597-e3c4ac8386e2,2024-08-08 02:09:05.609+00,2024-08-08 02:09:05.609+00
3e12168d-e3d6-40d7-91fa-0a8b03db8e64,a4ae67f1-34e5-482f-9190-281a0ecf3ac4,57e069f8-7059-4d2f-83d6-3f16f7aa0938,f46b93fd-54af-431e-b597-e3c4ac8386e2,2024-08-08 02:09:05.617+00,2024-08-08 02:09:05.617+00
8bc062bf-ed32-4c66-b23e-1dc551d06d91,a4ae67f1-34e5-482f-9190-281a0ecf3ac4,880369a6-6b14-4a6b-b3cb-4aaabc33369a,f46b93fd-54af-431e-b597-e3c4ac8386e2,2024-08-08 02:09:05.625+00,2024-08-08 02:09:05.625+00
80c66703-3727-4ebc-b17d-6eb680c4065f,7655129d-1494-4c57-a254-fad0936cf5f9,3b3a5d08-696f-42a3-856d-09992761a09e,1d266329-3126-4bdf-a7d1-727bb09a3074,2024-08-08 02:10:06.044+00,2024-08-08 02:10:06.044+00
4d8f8099-8ff3-4cec-bc84-11fa9acf463d,7655129d-1494-4c57-a254-fad0936cf5f9,21a45a4f-052d-4bfc-920e-adcda1cfe19c,1d266329-3126-4bdf-a7d1-727bb09a3074,2024-08-08 02:10:06.053+00,2024-08-08 02:10:06.053+00
866c78fe-38a6-4273-8dc1-abfa12ee6a02,7655129d-1494-4c57-a254-fad0936cf5f9,57e069f8-7059-4d2f-83d6-3f16f7aa0938,1d266329-3126-4bdf-a7d1-727bb09a3074,2024-08-08 02:10:06.059+00,2024-08-08 02:10:06.059+00
36f37922-ee3c-49f6-be25-715d276ad6f0,7655129d-1494-4c57-a254-fad0936cf5f9,880369a6-6b14-4a6b-b3cb-4aaabc33369a,1d266329-3126-4bdf-a7d1-727bb09a3074,2024-08-08 02:10:06.067+00,2024-08-08 02:10:06.067+00
a1c38c52-4981-4d2e-8146-fddf5aec6452,7655129d-1494-4c57-a254-fad0936cf5f9,f5fb2002-9ed8-4520-99ef-46df7e453375,1d266329-3126-4bdf-a7d1-727bb09a3074,2024-08-08 02:10:06.09+00,2024-08-08 02:10:06.09+00
1b62ace2-404b-44dc-8594-46892a3ced54,834e6fa6-fd28-408a-bfb7-f18cd4dae8ad,21a45a4f-052d-4bfc-920e-adcda1cfe19c,5070e3ce-6d67-460b-aee0-a7ab520aae15,2024-08-08 02:12:47.794+00,2024-08-08 02:12:47.794+00
94fa7fef-249f-4e94-a098-2d289aa700d8,834e6fa6-fd28-408a-bfb7-f18cd4dae8ad,3b3a5d08-696f-42a3-856d-09992761a09e,5070e3ce-6d67-460b-aee0-a7ab520aae15,2024-08-08 02:12:47.801+00,2024-08-08 02:12:47.801+00
ca7e56aa-24f5-4b14-ba35-38bfd445567f,834e6fa6-fd28-408a-bfb7-f18cd4dae8ad,be766134-111b-4a83-afdd-d6c54596d486,5070e3ce-6d67-460b-aee0-a7ab520aae15,2024-08-08 02:12:47.808+00,2024-08-08 02:12:47.808+00
d11d4104-95f5-405f-a864-cd97acbf5f4b,834e6fa6-fd28-408a-bfb7-f18cd4dae8ad,880369a6-6b14-4a6b-b3cb-4aaabc33369a,5070e3ce-6d67-460b-aee0-a7ab520aae15,2024-08-08 02:12:47.815+00,2024-08-08 02:12:47.815+00
06661947-5c49-4f10-8bec-caf143d6b4e2,e5a30cce-46b6-4e4c-bba8-b77cb38ba28c,21a45a4f-052d-4bfc-920e-adcda1cfe19c,5f17c3a8-7560-4cb5-831c-dfc695735fa7,2024-08-08 02:14:00.346+00,2024-08-08 02:14:00.346+00
85b0e82d-fd30-4c8b-99d7-83fa2be135ee,e5a30cce-46b6-4e4c-bba8-b77cb38ba28c,3b3a5d08-696f-42a3-856d-09992761a09e,5f17c3a8-7560-4cb5-831c-dfc695735fa7,2024-08-08 02:14:00.357+00,2024-08-08 02:14:00.357+00
90c2ef42-f42d-42ad-a4f0-bc1550fa3990,e5a30cce-46b6-4e4c-bba8-b77cb38ba28c,57e069f8-7059-4d2f-83d6-3f16f7aa0938,5f17c3a8-7560-4cb5-831c-dfc695735fa7,2024-08-08 02:14:00.366+00,2024-08-08 02:14:00.366+00
a03b0860-3bb0-4835-87a6-d52d2a54e4a0,e5a30cce-46b6-4e4c-bba8-b77cb38ba28c,caa12af6-8d12-42e6-985d-82190eb650ec,5f17c3a8-7560-4cb5-831c-dfc695735fa7,2024-08-08 02:14:00.374+00,2024-08-08 02:14:00.374+00
8f3fe132-91ab-4a8a-b928-547e7659c0c5,e5a30cce-46b6-4e4c-bba8-b77cb38ba28c,f5fb2002-9ed8-4520-99ef-46df7e453375,5f17c3a8-7560-4cb5-831c-dfc695735fa7,2024-08-08 02:14:00.38+00,2024-08-08 02:14:00.38+00
aca7129b-84f9-491f-a16d-033542e3516d,b717ae66-ddda-43a6-98f9-42f0ed4fd860,21a45a4f-052d-4bfc-920e-adcda1cfe19c,5c755935-af6c-4461-8710-90dd982759b3,2024-08-08 02:15:39.707+00,2024-08-08 02:15:39.707+00
cc411cf9-37f6-4812-a0b9-b2fe22e32762,b717ae66-ddda-43a6-98f9-42f0ed4fd860,3b3a5d08-696f-42a3-856d-09992761a09e,5c755935-af6c-4461-8710-90dd982759b3,2024-08-08 02:15:39.714+00,2024-08-08 02:15:39.714+00
d629ce0d-9b3d-4247-9cdf-9b21cced31fc,b717ae66-ddda-43a6-98f9-42f0ed4fd860,57e069f8-7059-4d2f-83d6-3f16f7aa0938,5c755935-af6c-4461-8710-90dd982759b3,2024-08-08 02:15:39.723+00,2024-08-08 02:15:39.723+00
c835c3ed-c2d3-4bed-9870-cd91b072838e,b717ae66-ddda-43a6-98f9-42f0ed4fd860,caa12af6-8d12-42e6-985d-82190eb650ec,5c755935-af6c-4461-8710-90dd982759b3,2024-08-08 02:15:39.733+00,2024-08-08 02:15:39.733+00
a08aecaa-e5c1-4b42-b49e-fb413c96d208,b717ae66-ddda-43a6-98f9-42f0ed4fd860,f5fb2002-9ed8-4520-99ef-46df7e453375,5c755935-af6c-4461-8710-90dd982759b3,2024-08-08 02:15:39.748+00,2024-08-08 02:15:39.748+00
6d66d081-4bb9-4c8e-bb7f-a9efc1e50bb6,296fd24f-3e4f-466f-8be5-bc4409fe8a05,3b3a5d08-696f-42a3-856d-09992761a09e,e19e2ff4-62c0-484d-a163-d1cbcc407188,2024-08-08 02:17:24.125+00,2024-08-08 02:17:24.125+00
cbcaebe0-2fa4-447d-a132-1f14c00de102,296fd24f-3e4f-466f-8be5-bc4409fe8a05,21a45a4f-052d-4bfc-920e-adcda1cfe19c,e19e2ff4-62c0-484d-a163-d1cbcc407188,2024-08-08 02:17:24.134+00,2024-08-08 02:17:24.134+00
075db45d-49c7-45ca-b81d-5749c2b70dad,296fd24f-3e4f-466f-8be5-bc4409fe8a05,be766134-111b-4a83-afdd-d6c54596d486,e19e2ff4-62c0-484d-a163-d1cbcc407188,2024-08-08 02:17:24.142+00,2024-08-08 02:17:24.142+00
a3186777-1c69-4828-8649-96bf3af6e63a,296fd24f-3e4f-466f-8be5-bc4409fe8a05,880369a6-6b14-4a6b-b3cb-4aaabc33369a,e19e2ff4-62c0-484d-a163-d1cbcc407188,2024-08-08 02:17:24.148+00,2024-08-08 02:17:24.148+00
f90617ac-674e-4bcd-81fc-0caac15365d3,296fd24f-3e4f-466f-8be5-bc4409fe8a05,f5fb2002-9ed8-4520-99ef-46df7e453375,e19e2ff4-62c0-484d-a163-d1cbcc407188,2024-08-08 02:17:24.155+00,2024-08-08 02:17:24.155+00
57775824-4829-4b45-bce5-679a2febea22,4bf537a9-a9b7-43e3-8784-aeaf762b7cff,3b3a5d08-696f-42a3-856d-09992761a09e,f45c5d44-78e7-4cca-8955-e64d6b4b6ebf,2024-08-08 02:27:42.641+00,2024-08-08 02:27:42.641+00
6791cf87-823d-429d-a113-9650c9d91260,4bf537a9-a9b7-43e3-8784-aeaf762b7cff,21a45a4f-052d-4bfc-920e-adcda1cfe19c,f45c5d44-78e7-4cca-8955-e64d6b4b6ebf,2024-08-08 02:27:42.649+00,2024-08-08 02:27:42.649+00
79684b07-6074-4c41-9c98-2ecc407d80cf,4bf537a9-a9b7-43e3-8784-aeaf762b7cff,57e069f8-7059-4d2f-83d6-3f16f7aa0938,f45c5d44-78e7-4cca-8955-e64d6b4b6ebf,2024-08-08 02:27:42.657+00,2024-08-08 02:27:42.657+00
fab532ba-ec1c-49fa-b4ba-c8de01225d6d,4bf537a9-a9b7-43e3-8784-aeaf762b7cff,880369a6-6b14-4a6b-b3cb-4aaabc33369a,f45c5d44-78e7-4cca-8955-e64d6b4b6ebf,2024-08-08 02:27:42.664+00,2024-08-08 02:27:42.664+00
ca56b5b1-570d-45b2-b0b1-cfa0ebbb40da,4bf537a9-a9b7-43e3-8784-aeaf762b7cff,f5fb2002-9ed8-4520-99ef-46df7e453375,f45c5d44-78e7-4cca-8955-e64d6b4b6ebf,2024-08-08 02:27:42.671+00,2024-08-08 02:27:42.671+00
2909c6d7-84a5-4c09-9750-c37ba570cee0,a2c115ff-762d-40fe-ada9-c43d56f12bb2,21a45a4f-052d-4bfc-920e-adcda1cfe19c,6fde0a67-29d8-4f96-9435-8c65e0d49959,2024-08-08 02:30:01.341+00,2024-08-08 02:30:01.341+00
938da206-5676-4944-8976-57155f73b314,a2c115ff-762d-40fe-ada9-c43d56f12bb2,3b3a5d08-696f-42a3-856d-09992761a09e,6fde0a67-29d8-4f96-9435-8c65e0d49959,2024-08-08 02:30:01.353+00,2024-08-08 02:30:01.353+00
fa57798c-96f6-4047-aa69-87a75c510fba,a2c115ff-762d-40fe-ada9-c43d56f12bb2,57e069f8-7059-4d2f-83d6-3f16f7aa0938,6fde0a67-29d8-4f96-9435-8c65e0d49959,2024-08-08 02:30:01.363+00,2024-08-08 02:30:01.363+00
6c3878a3-a3f1-4ca4-835c-cb831c15fd7d,a2c115ff-762d-40fe-ada9-c43d56f12bb2,880369a6-6b14-4a6b-b3cb-4aaabc33369a,6fde0a67-29d8-4f96-9435-8c65e0d49959,2024-08-08 02:30:01.372+00,2024-08-08 02:30:01.372+00
6dcf9a2e-b287-46cc-96d0-63d97427933b,a2c115ff-762d-40fe-ada9-c43d56f12bb2,f5fb2002-9ed8-4520-99ef-46df7e453375,6fde0a67-29d8-4f96-9435-8c65e0d49959,2024-08-08 02:30:01.382+00,2024-08-08 02:30:01.382+00
49b934c6-5746-4b7e-af1c-0bd213eb94f2,01764618-7518-4d35-9089-8a07fe8baa57,21a45a4f-052d-4bfc-920e-adcda1cfe19c,bee3d804-bfc0-4d73-b382-a0c103f277cf,2024-08-08 03:02:11.357+00,2024-08-08 03:02:11.357+00
ef54dec1-10c4-4f4c-9dab-7ea62f2647a5,01764618-7518-4d35-9089-8a07fe8baa57,3b3a5d08-696f-42a3-856d-09992761a09e,bee3d804-bfc0-4d73-b382-a0c103f277cf,2024-08-08 03:02:11.368+00,2024-08-08 03:02:11.368+00
1929ebd0-f027-4f33-b237-97f8aa9a6883,01764618-7518-4d35-9089-8a07fe8baa57,be766134-111b-4a83-afdd-d6c54596d486,bee3d804-bfc0-4d73-b382-a0c103f277cf,2024-08-08 03:02:11.374+00,2024-08-08 03:02:11.374+00
ade95ba9-bde9-490f-9c23-44759eaf4b7d,01764618-7518-4d35-9089-8a07fe8baa57,caa12af6-8d12-42e6-985d-82190eb650ec,bee3d804-bfc0-4d73-b382-a0c103f277cf,2024-08-08 03:02:11.381+00,2024-08-08 03:02:11.381+00
51c70eb7-34e0-41f6-9aff-f1350d8d80e2,01764618-7518-4d35-9089-8a07fe8baa57,3857b311-0df8-462f-a042-6a560f3528eb,bee3d804-bfc0-4d73-b382-a0c103f277cf,2024-08-08 03:02:11.392+00,2024-08-08 03:02:11.392+00
fb32c8e3-0568-46a2-a8a1-a78b267be52c,013e6eda-9ba5-451b-ab29-37ac0ad829c9,21a45a4f-052d-4bfc-920e-adcda1cfe19c,89a5a559-7e38-4efb-9aa7-497328505666,2024-08-08 03:06:13.009+00,2024-08-08 03:06:13.009+00
4606ef51-c317-45b3-ac22-f1fd7e2f9697,013e6eda-9ba5-451b-ab29-37ac0ad829c9,3b3a5d08-696f-42a3-856d-09992761a09e,89a5a559-7e38-4efb-9aa7-497328505666,2024-08-08 03:06:13.017+00,2024-08-08 03:06:13.017+00
d4048725-8afa-4979-9137-265f18c9d711,013e6eda-9ba5-451b-ab29-37ac0ad829c9,57e069f8-7059-4d2f-83d6-3f16f7aa0938,89a5a559-7e38-4efb-9aa7-497328505666,2024-08-08 03:06:13.024+00,2024-08-08 03:06:13.024+00
4f98da1c-0f33-4ed3-8565-e77970f08c43,013e6eda-9ba5-451b-ab29-37ac0ad829c9,caa12af6-8d12-42e6-985d-82190eb650ec,89a5a559-7e38-4efb-9aa7-497328505666,2024-08-08 03:06:13.033+00,2024-08-08 03:06:13.033+00
a45a54e9-35f9-4e3e-ad35-28a319514c2f,013e6eda-9ba5-451b-ab29-37ac0ad829c9,3857b311-0df8-462f-a042-6a560f3528eb,89a5a559-7e38-4efb-9aa7-497328505666,2024-08-08 03:06:13.04+00,2024-08-08 03:06:13.04+00
42343ab0-a71d-4f96-837b-505e5163865b,7fd3ecc6-7e92-4db9-b1e5-7324798affaa,3b3a5d08-696f-42a3-856d-09992761a09e,61834bac-7a4c-4c8b-9a72-511266360b42,2024-08-08 03:09:05.648+00,2024-08-08 03:09:05.648+00
45cbb0c2-eaa8-45b6-9063-40c1a99b3d7e,7fd3ecc6-7e92-4db9-b1e5-7324798affaa,21a45a4f-052d-4bfc-920e-adcda1cfe19c,61834bac-7a4c-4c8b-9a72-511266360b42,2024-08-08 03:09:05.656+00,2024-08-08 03:09:05.656+00
43436bf4-7ab0-423d-ae1f-8c7948de85f0,7fd3ecc6-7e92-4db9-b1e5-7324798affaa,be766134-111b-4a83-afdd-d6c54596d486,61834bac-7a4c-4c8b-9a72-511266360b42,2024-08-08 03:09:05.664+00,2024-08-08 03:09:05.664+00
6641d7b6-9022-479f-86fc-422a5829d822,7fd3ecc6-7e92-4db9-b1e5-7324798affaa,880369a6-6b14-4a6b-b3cb-4aaabc33369a,61834bac-7a4c-4c8b-9a72-511266360b42,2024-08-08 03:09:05.67+00,2024-08-08 03:09:05.67+00
2fc66a04-b992-482a-ac81-233bbd0263f4,f9b2720e-b76d-4c11-af33-4a47973e87a2,3b3a5d08-696f-42a3-856d-09992761a09e,d1783b1e-dbe2-4a9c-afd0-74b655ffd22a,2024-08-08 03:59:18.047+00,2024-08-08 03:59:18.047+00
25fc7f1d-7b51-4240-84bf-81c093d8b10d,f9b2720e-b76d-4c11-af33-4a47973e87a2,21a45a4f-052d-4bfc-920e-adcda1cfe19c,d1783b1e-dbe2-4a9c-afd0-74b655ffd22a,2024-08-08 03:59:18.055+00,2024-08-08 03:59:18.055+00
8f0886f9-2406-4e6d-9627-75c329494dad,f9b2720e-b76d-4c11-af33-4a47973e87a2,be766134-111b-4a83-afdd-d6c54596d486,d1783b1e-dbe2-4a9c-afd0-74b655ffd22a,2024-08-08 03:59:18.064+00,2024-08-08 03:59:18.064+00
d8bdd407-dfe4-4a7d-a9b0-4bff786d5ed5,f9b2720e-b76d-4c11-af33-4a47973e87a2,880369a6-6b14-4a6b-b3cb-4aaabc33369a,d1783b1e-dbe2-4a9c-afd0-74b655ffd22a,2024-08-08 03:59:18.075+00,2024-08-08 03:59:18.075+00
e120464c-660a-4e53-9900-8f24a9781fef,f9b2720e-b76d-4c11-af33-4a47973e87a2,f5fb2002-9ed8-4520-99ef-46df7e453375,d1783b1e-dbe2-4a9c-afd0-74b655ffd22a,2024-08-08 03:59:18.085+00,2024-08-08 03:59:18.085+00
2fe44158-5d10-475b-9ffd-d5bd7ebf94fb,903cacdd-50e7-4277-be07-139c5549cdac,3b3a5d08-696f-42a3-856d-09992761a09e,7629d2d3-2389-4918-a160-87cd986b8882,2024-08-08 06:19:52.559+00,2024-08-08 06:19:52.559+00
6b3d8065-771f-42df-b73d-6dbd78cc877c,903cacdd-50e7-4277-be07-139c5549cdac,21a45a4f-052d-4bfc-920e-adcda1cfe19c,7629d2d3-2389-4918-a160-87cd986b8882,2024-08-08 06:19:52.566+00,2024-08-08 06:19:52.566+00
7f9e73bb-f9c1-450c-84cf-cdea4a622123,903cacdd-50e7-4277-be07-139c5549cdac,be766134-111b-4a83-afdd-d6c54596d486,7629d2d3-2389-4918-a160-87cd986b8882,2024-08-08 06:19:52.572+00,2024-08-08 06:19:52.572+00
f95f14ea-162e-443f-a43a-daf8f41441f8,903cacdd-50e7-4277-be07-139c5549cdac,880369a6-6b14-4a6b-b3cb-4aaabc33369a,7629d2d3-2389-4918-a160-87cd986b8882,2024-08-08 06:19:52.579+00,2024-08-08 06:19:52.579+00
2f9e50f4-08f6-484f-a85a-3ae63a9ce6e4,903cacdd-50e7-4277-be07-139c5549cdac,f5fb2002-9ed8-4520-99ef-46df7e453375,7629d2d3-2389-4918-a160-87cd986b8882,2024-08-08 06:19:52.586+00,2024-08-08 06:19:52.586+00
8151e963-f565-46c2-a66f-0bce740a5059,14f1f868-afa2-4a04-b423-3d37db2c50b7,21a45a4f-052d-4bfc-920e-adcda1cfe19c,d6ef3363-1252-44ec-a2bd-73666cbc0e80,2024-08-08 10:09:43.726+00,2024-08-08 10:09:43.726+00
9a63026e-e46e-4312-bdb0-a446b673cedb,14f1f868-afa2-4a04-b423-3d37db2c50b7,3b3a5d08-696f-42a3-856d-09992761a09e,d6ef3363-1252-44ec-a2bd-73666cbc0e80,2024-08-08 10:09:43.733+00,2024-08-08 10:09:43.733+00
ee37c140-0020-4813-8446-a21dbcc45e00,14f1f868-afa2-4a04-b423-3d37db2c50b7,57e069f8-7059-4d2f-83d6-3f16f7aa0938,d6ef3363-1252-44ec-a2bd-73666cbc0e80,2024-08-08 10:09:43.739+00,2024-08-08 10:09:43.739+00
45cc0490-d3f9-41ac-af9e-52a16ba5b30a,14f1f868-afa2-4a04-b423-3d37db2c50b7,880369a6-6b14-4a6b-b3cb-4aaabc33369a,d6ef3363-1252-44ec-a2bd-73666cbc0e80,2024-08-08 10:09:43.752+00,2024-08-08 10:09:43.752+00
7af17f30-d570-4972-8c1f-d249b8f1de13,b0ac0f30-e42c-42fd-8322-8f846fda65e4,21a45a4f-052d-4bfc-920e-adcda1cfe19c,f884b613-6d61-4839-a715-24db61643817,2024-08-08 10:14:49.314+00,2024-08-08 10:14:49.314+00
f5b7d193-c0c2-4748-89ee-709221730acb,b0ac0f30-e42c-42fd-8322-8f846fda65e4,3b3a5d08-696f-42a3-856d-09992761a09e,f884b613-6d61-4839-a715-24db61643817,2024-08-08 10:14:49.321+00,2024-08-08 10:14:49.321+00
ea6f74da-7f5c-44d7-8cc3-092ba33e776f,b0ac0f30-e42c-42fd-8322-8f846fda65e4,be766134-111b-4a83-afdd-d6c54596d486,f884b613-6d61-4839-a715-24db61643817,2024-08-08 10:14:49.327+00,2024-08-08 10:14:49.327+00
8054ca0c-2888-41b4-adfb-77097e68313b,b0ac0f30-e42c-42fd-8322-8f846fda65e4,880369a6-6b14-4a6b-b3cb-4aaabc33369a,f884b613-6d61-4839-a715-24db61643817,2024-08-08 10:14:49.333+00,2024-08-08 10:14:49.333+00
a4d1e53e-a484-419c-8ef8-010ea4f058f6,b0ac0f30-e42c-42fd-8322-8f846fda65e4,3857b311-0df8-462f-a042-6a560f3528eb,f884b613-6d61-4839-a715-24db61643817,2024-08-08 10:14:49.341+00,2024-08-08 10:14:49.341+00
f01a8b36-735a-4630-8f6e-2c592e296e23,a66b6908-19e6-4f06-bfa5-c33411ae6023,21a45a4f-052d-4bfc-920e-adcda1cfe19c,d0be1a9b-49a1-4575-a1c8-373d991105a5,2024-08-08 12:17:29.416+00,2024-08-08 12:17:29.416+00
9f9ef69c-34e1-41c5-8e3f-04a5c52c7c2b,a66b6908-19e6-4f06-bfa5-c33411ae6023,3b3a5d08-696f-42a3-856d-09992761a09e,d0be1a9b-49a1-4575-a1c8-373d991105a5,2024-08-08 12:17:29.423+00,2024-08-08 12:17:29.423+00
d445b8b4-1b40-4629-bb36-ad7a9cd861c3,a66b6908-19e6-4f06-bfa5-c33411ae6023,be766134-111b-4a83-afdd-d6c54596d486,d0be1a9b-49a1-4575-a1c8-373d991105a5,2024-08-08 12:17:29.433+00,2024-08-08 12:17:29.433+00
cf71e0d8-8f85-4cac-a91d-f193a8f7cce6,a66b6908-19e6-4f06-bfa5-c33411ae6023,880369a6-6b14-4a6b-b3cb-4aaabc33369a,d0be1a9b-49a1-4575-a1c8-373d991105a5,2024-08-08 12:17:29.439+00,2024-08-08 12:17:29.439+00
3fab4c9e-2073-4da1-a8e4-2be3f7b40cd2,fa10e9bc-4036-4093-b8e8-bd06e720db08,3b3a5d08-696f-42a3-856d-09992761a09e,91c5a2c5-81bc-4e5a-b703-11fb1761b911,2024-08-08 12:33:03.75+00,2024-08-08 12:33:03.75+00
f321c953-4732-47b3-8610-c1263a6bc4ae,fa10e9bc-4036-4093-b8e8-bd06e720db08,21a45a4f-052d-4bfc-920e-adcda1cfe19c,91c5a2c5-81bc-4e5a-b703-11fb1761b911,2024-08-08 12:33:03.757+00,2024-08-08 12:33:03.757+00
b30dbe8a-dc69-4b62-ae6b-4df00fe9614c,fa10e9bc-4036-4093-b8e8-bd06e720db08,be766134-111b-4a83-afdd-d6c54596d486,91c5a2c5-81bc-4e5a-b703-11fb1761b911,2024-08-08 12:33:03.763+00,2024-08-08 12:33:03.763+00
f2fe255c-c2f6-4ab8-8fa1-41367249440c,fa10e9bc-4036-4093-b8e8-bd06e720db08,880369a6-6b14-4a6b-b3cb-4aaabc33369a,91c5a2c5-81bc-4e5a-b703-11fb1761b911,2024-08-08 12:33:03.769+00,2024-08-08 12:33:03.769+00
2fdf547c-7ef3-4084-9432-9f5623095f1a,fa10e9bc-4036-4093-b8e8-bd06e720db08,3857b311-0df8-462f-a042-6a560f3528eb,91c5a2c5-81bc-4e5a-b703-11fb1761b911,2024-08-08 12:33:03.774+00,2024-08-08 12:33:03.774+00
40c16181-eb1d-42e7-bac9-21a385be5808,bdfabab5-d1f5-4146-a2c8-0f4a242ef5ab,3b3a5d08-696f-42a3-856d-09992761a09e,7cc6d0f1-6217-46d5-b96c-76edda7f746a,2024-08-08 13:17:55.129+00,2024-08-08 13:17:55.129+00
78d24159-0d66-45bb-8b82-2117e03dda47,bdfabab5-d1f5-4146-a2c8-0f4a242ef5ab,21a45a4f-052d-4bfc-920e-adcda1cfe19c,7cc6d0f1-6217-46d5-b96c-76edda7f746a,2024-08-08 13:17:55.137+00,2024-08-08 13:17:55.137+00
883c1c90-7d78-4702-a0ae-663657a56652,bdfabab5-d1f5-4146-a2c8-0f4a242ef5ab,57e069f8-7059-4d2f-83d6-3f16f7aa0938,7cc6d0f1-6217-46d5-b96c-76edda7f746a,2024-08-08 13:17:55.143+00,2024-08-08 13:17:55.143+00
505bb04d-217c-4c3f-b55e-d445a2be66f2,bdfabab5-d1f5-4146-a2c8-0f4a242ef5ab,880369a6-6b14-4a6b-b3cb-4aaabc33369a,7cc6d0f1-6217-46d5-b96c-76edda7f746a,2024-08-08 13:17:55.15+00,2024-08-08 13:17:55.15+00
73d55343-635e-4cd3-a52b-d7e9ff193dc2,bdfabab5-d1f5-4146-a2c8-0f4a242ef5ab,3857b311-0df8-462f-a042-6a560f3528eb,7cc6d0f1-6217-46d5-b96c-76edda7f746a,2024-08-08 13:17:55.157+00,2024-08-08 13:17:55.157+00
c55bf055-3598-4142-b797-2d9eb9cf827a,83c30862-0c8b-4f23-b73a-19ba10af85ce,3b3a5d08-696f-42a3-856d-09992761a09e,68c91ee1-3769-4a7d-96b7-f5755d8d6c86,2024-08-08 13:26:24.921+00,2024-08-08 13:26:24.921+00
8a0bf7be-fa64-4649-b55b-f6a3520a983d,83c30862-0c8b-4f23-b73a-19ba10af85ce,21a45a4f-052d-4bfc-920e-adcda1cfe19c,68c91ee1-3769-4a7d-96b7-f5755d8d6c86,2024-08-08 13:26:24.928+00,2024-08-08 13:26:24.928+00
d80a5c45-803e-414a-aa85-09adfa7664f7,83c30862-0c8b-4f23-b73a-19ba10af85ce,57e069f8-7059-4d2f-83d6-3f16f7aa0938,68c91ee1-3769-4a7d-96b7-f5755d8d6c86,2024-08-08 13:26:24.934+00,2024-08-08 13:26:24.934+00
e6f42ebe-b1d4-4ea0-b6a1-67d92823613b,83c30862-0c8b-4f23-b73a-19ba10af85ce,880369a6-6b14-4a6b-b3cb-4aaabc33369a,68c91ee1-3769-4a7d-96b7-f5755d8d6c86,2024-08-08 13:26:24.941+00,2024-08-08 13:26:24.941+00
9bc0a3cf-9160-4ef0-a65c-54e6592c8fef,83c30862-0c8b-4f23-b73a-19ba10af85ce,f5fb2002-9ed8-4520-99ef-46df7e453375,68c91ee1-3769-4a7d-96b7-f5755d8d6c86,2024-08-08 13:26:24.948+00,2024-08-08 13:26:24.948+00
1ad498d7-ce98-4d31-a02c-6ae397271d88,11c7967d-1c72-4778-b31f-1c9716f0f33c,21a45a4f-052d-4bfc-920e-adcda1cfe19c,0a6d49ab-4a83-4db7-b1aa-9872c10ff24f,2024-08-08 15:58:37.051+00,2024-08-08 15:58:37.051+00
1c04a00e-9f6c-430d-afe0-e48da70c9bd3,11c7967d-1c72-4778-b31f-1c9716f0f33c,3b3a5d08-696f-42a3-856d-09992761a09e,0a6d49ab-4a83-4db7-b1aa-9872c10ff24f,2024-08-08 15:58:37.057+00,2024-08-08 15:58:37.057+00
efc8ed9b-05df-4895-bf3d-3c9917a334f6,11c7967d-1c72-4778-b31f-1c9716f0f33c,57e069f8-7059-4d2f-83d6-3f16f7aa0938,0a6d49ab-4a83-4db7-b1aa-9872c10ff24f,2024-08-08 15:58:37.064+00,2024-08-08 15:58:37.064+00
a6192238-50e2-4dbb-a572-3dde0758a2a4,11c7967d-1c72-4778-b31f-1c9716f0f33c,880369a6-6b14-4a6b-b3cb-4aaabc33369a,0a6d49ab-4a83-4db7-b1aa-9872c10ff24f,2024-08-08 15:58:37.071+00,2024-08-08 15:58:37.071+00
9fb87819-3549-4a3e-8921-99603bc13b25,11c7967d-1c72-4778-b31f-1c9716f0f33c,3857b311-0df8-462f-a042-6a560f3528eb,0a6d49ab-4a83-4db7-b1aa-9872c10ff24f,2024-08-08 15:58:37.077+00,2024-08-08 15:58:37.077+00
abf29dfc-14c2-4c8a-b316-9d86dbc03b81,3f671777-34e7-41cd-b661-e489ede7f787,21a45a4f-052d-4bfc-920e-adcda1cfe19c,70dd5a0e-dee8-4e23-8924-9a10473a2b97,2024-08-08 22:50:44.124+00,2024-08-08 22:50:44.124+00
e1c1777f-692a-4bc0-b337-1ee7e557919a,3f671777-34e7-41cd-b661-e489ede7f787,3b3a5d08-696f-42a3-856d-09992761a09e,70dd5a0e-dee8-4e23-8924-9a10473a2b97,2024-08-08 22:50:44.131+00,2024-08-08 22:50:44.131+00
fa53c48f-5b5f-46a3-b198-94f77066d08c,3f671777-34e7-41cd-b661-e489ede7f787,be766134-111b-4a83-afdd-d6c54596d486,70dd5a0e-dee8-4e23-8924-9a10473a2b97,2024-08-08 22:50:44.138+00,2024-08-08 22:50:44.138+00
0f64a842-c4c1-4324-ab1f-263b9dec306c,3f671777-34e7-41cd-b661-e489ede7f787,caa12af6-8d12-42e6-985d-82190eb650ec,70dd5a0e-dee8-4e23-8924-9a10473a2b97,2024-08-08 22:50:44.144+00,2024-08-08 22:50:44.144+00
b1dfaaab-5fe9-4a6a-afc8-5ddb0fd64bbd,3f671777-34e7-41cd-b661-e489ede7f787,3857b311-0df8-462f-a042-6a560f3528eb,70dd5a0e-dee8-4e23-8924-9a10473a2b97,2024-08-08 22:50:44.15+00,2024-08-08 22:50:44.15+00
a374baa5-802c-4470-b797-dba47ce2443c,4e472142-8694-48d1-b051-ccc9a45a32a6,21a45a4f-052d-4bfc-920e-adcda1cfe19c,f72f3340-e37d-433f-a4d7-9612abe805e1,2024-08-08 22:53:11.277+00,2024-08-08 22:53:11.277+00
d496c876-1ba6-404f-9fa2-551a06e084ef,4e472142-8694-48d1-b051-ccc9a45a32a6,3b3a5d08-696f-42a3-856d-09992761a09e,f72f3340-e37d-433f-a4d7-9612abe805e1,2024-08-08 22:53:11.285+00,2024-08-08 22:53:11.285+00
ec57bcb8-b93d-4eef-acdc-517c229e9f1d,4e472142-8694-48d1-b051-ccc9a45a32a6,57e069f8-7059-4d2f-83d6-3f16f7aa0938,f72f3340-e37d-433f-a4d7-9612abe805e1,2024-08-08 22:53:11.291+00,2024-08-08 22:53:11.291+00
902e89d9-4efd-47c0-b522-b46780fdf699,4e472142-8694-48d1-b051-ccc9a45a32a6,880369a6-6b14-4a6b-b3cb-4aaabc33369a,f72f3340-e37d-433f-a4d7-9612abe805e1,2024-08-08 22:53:11.297+00,2024-08-08 22:53:11.297+00
c6508ff5-95f8-48c8-a8ad-2727b18e2e1f,80564b76-1d79-4f01-a250-2f5d8caa370a,3b3a5d08-696f-42a3-856d-09992761a09e,b40a8442-07b6-4650-832d-78bd1855e1ac,2024-08-09 00:13:02.376+00,2024-08-09 00:13:02.376+00
5595645c-680b-4349-998f-ccd618563137,80564b76-1d79-4f01-a250-2f5d8caa370a,21a45a4f-052d-4bfc-920e-adcda1cfe19c,b40a8442-07b6-4650-832d-78bd1855e1ac,2024-08-09 00:13:02.383+00,2024-08-09 00:13:02.383+00
9e1bce00-3c9e-4972-a1ac-1eb221cd49f7,80564b76-1d79-4f01-a250-2f5d8caa370a,be766134-111b-4a83-afdd-d6c54596d486,b40a8442-07b6-4650-832d-78bd1855e1ac,2024-08-09 00:13:02.389+00,2024-08-09 00:13:02.389+00
c2c617e8-9ed4-42f2-92e1-b51e87faecd0,80564b76-1d79-4f01-a250-2f5d8caa370a,880369a6-6b14-4a6b-b3cb-4aaabc33369a,b40a8442-07b6-4650-832d-78bd1855e1ac,2024-08-09 00:13:02.395+00,2024-08-09 00:13:02.395+00
35aa9fbb-04f0-420a-ab67-3869bb567d39,80564b76-1d79-4f01-a250-2f5d8caa370a,3857b311-0df8-462f-a042-6a560f3528eb,b40a8442-07b6-4650-832d-78bd1855e1ac,2024-08-09 00:13:02.401+00,2024-08-09 00:13:02.401+00
38076d7b-9d89-48e5-aca6-32c0d9195751,f6b2dc33-19aa-47e4-a029-62cb72241ef7,3b3a5d08-696f-42a3-856d-09992761a09e,7ea8be4d-fdd9-4dca-8dd1-209a166210ce,2024-08-09 01:25:23.569+00,2024-08-09 01:25:23.569+00
8de4820c-ea6c-4d5a-a5cf-4c09c2f62154,f6b2dc33-19aa-47e4-a029-62cb72241ef7,21a45a4f-052d-4bfc-920e-adcda1cfe19c,7ea8be4d-fdd9-4dca-8dd1-209a166210ce,2024-08-09 01:25:23.576+00,2024-08-09 01:25:23.576+00
835951ce-940c-4348-bd19-1ef53b70c0bc,f6b2dc33-19aa-47e4-a029-62cb72241ef7,be766134-111b-4a83-afdd-d6c54596d486,7ea8be4d-fdd9-4dca-8dd1-209a166210ce,2024-08-09 01:25:23.584+00,2024-08-09 01:25:23.584+00
055ba8df-d51e-4c99-8ef4-a27288496343,f6b2dc33-19aa-47e4-a029-62cb72241ef7,880369a6-6b14-4a6b-b3cb-4aaabc33369a,7ea8be4d-fdd9-4dca-8dd1-209a166210ce,2024-08-09 01:25:23.592+00,2024-08-09 01:25:23.592+00
a1ee5fef-e707-4c10-a4f6-4023fdf71c10,f6b2dc33-19aa-47e4-a029-62cb72241ef7,f5fb2002-9ed8-4520-99ef-46df7e453375,7ea8be4d-fdd9-4dca-8dd1-209a166210ce,2024-08-09 01:25:23.597+00,2024-08-09 01:25:23.597+00
0ae36165-e429-464f-b531-82c73e39b609,68d634db-11f4-4e93-91fa-dd9f5d7bfd05,3b3a5d08-696f-42a3-856d-09992761a09e,1e810f66-56a7-438f-9c91-ee75d1580f3e,2024-08-09 03:10:21.032+00,2024-08-09 03:10:21.032+00
e8b9b941-720f-4135-993f-9f2bc1f7b8ee,68d634db-11f4-4e93-91fa-dd9f5d7bfd05,21a45a4f-052d-4bfc-920e-adcda1cfe19c,1e810f66-56a7-438f-9c91-ee75d1580f3e,2024-08-09 03:10:21.039+00,2024-08-09 03:10:21.039+00
57e5dbd3-cd9a-40cf-952e-04e86d9d9109,68d634db-11f4-4e93-91fa-dd9f5d7bfd05,be766134-111b-4a83-afdd-d6c54596d486,1e810f66-56a7-438f-9c91-ee75d1580f3e,2024-08-09 03:10:21.045+00,2024-08-09 03:10:21.045+00
410a1b65-1cf2-401c-97a5-c710d20e5e3e,68d634db-11f4-4e93-91fa-dd9f5d7bfd05,880369a6-6b14-4a6b-b3cb-4aaabc33369a,1e810f66-56a7-438f-9c91-ee75d1580f3e,2024-08-09 03:10:21.051+00,2024-08-09 03:10:21.051+00
d4f86a92-b98d-4b0c-b007-52616114940e,68d634db-11f4-4e93-91fa-dd9f5d7bfd05,3857b311-0df8-462f-a042-6a560f3528eb,1e810f66-56a7-438f-9c91-ee75d1580f3e,2024-08-09 03:10:21.057+00,2024-08-09 03:10:21.057+00
a098f3e8-6ca1-4703-a2b4-836594059cad,f902c07f-a408-4714-a894-9131681ef713,21a45a4f-052d-4bfc-920e-adcda1cfe19c,ac34386d-9fff-4cad-9302-a1089cd30788,2024-08-09 03:10:37.693+00,2024-08-09 03:10:37.693+00
109a3994-b2c0-4305-b6aa-562df2615060,f902c07f-a408-4714-a894-9131681ef713,3b3a5d08-696f-42a3-856d-09992761a09e,ac34386d-9fff-4cad-9302-a1089cd30788,2024-08-09 03:10:37.7+00,2024-08-09 03:10:37.7+00
d45930a8-500c-480d-8dbe-04d9da8b070c,f902c07f-a408-4714-a894-9131681ef713,57e069f8-7059-4d2f-83d6-3f16f7aa0938,ac34386d-9fff-4cad-9302-a1089cd30788,2024-08-09 03:10:37.71+00,2024-08-09 03:10:37.71+00
92e4686b-4bbc-4278-a2f7-bc520e21bb0a,f902c07f-a408-4714-a894-9131681ef713,880369a6-6b14-4a6b-b3cb-4aaabc33369a,ac34386d-9fff-4cad-9302-a1089cd30788,2024-08-09 03:10:37.734+00,2024-08-09 03:10:37.734+00
8a5f9cb2-10a4-440f-a9fb-f6b9307d9b3d,f902c07f-a408-4714-a894-9131681ef713,f5fb2002-9ed8-4520-99ef-46df7e453375,ac34386d-9fff-4cad-9302-a1089cd30788,2024-08-09 03:10:37.765+00,2024-08-09 03:10:37.765+00
5121b984-e858-4117-bf52-0013c5179f1c,112d7de6-326b-48d9-9fa5-9cc6521cb83e,21a45a4f-052d-4bfc-920e-adcda1cfe19c,859f8c70-ae0d-4e1b-a19e-774abcc33ed4,2024-08-09 16:02:37.285+00,2024-08-09 16:02:37.285+00
113e0591-c61d-4388-be69-842e9b990bcc,112d7de6-326b-48d9-9fa5-9cc6521cb83e,3b3a5d08-696f-42a3-856d-09992761a09e,859f8c70-ae0d-4e1b-a19e-774abcc33ed4,2024-08-09 16:02:37.292+00,2024-08-09 16:02:37.292+00
32b99e9a-433a-47ef-8d8a-d79fc32c07ba,112d7de6-326b-48d9-9fa5-9cc6521cb83e,57e069f8-7059-4d2f-83d6-3f16f7aa0938,859f8c70-ae0d-4e1b-a19e-774abcc33ed4,2024-08-09 16:02:37.299+00,2024-08-09 16:02:37.299+00
f1c70f98-147a-4daf-b4e3-b28c3cac5cc1,112d7de6-326b-48d9-9fa5-9cc6521cb83e,caa12af6-8d12-42e6-985d-82190eb650ec,859f8c70-ae0d-4e1b-a19e-774abcc33ed4,2024-08-09 16:02:37.305+00,2024-08-09 16:02:37.305+00
18a8b3b3-8e9d-41cc-b3ff-6aaf11694948,112d7de6-326b-48d9-9fa5-9cc6521cb83e,3857b311-0df8-462f-a042-6a560f3528eb,859f8c70-ae0d-4e1b-a19e-774abcc33ed4,2024-08-09 16:02:37.313+00,2024-08-09 16:02:37.313+00
4a134d4c-68cf-4607-b1e1-77b6d4447ff8,a2a71103-c12a-41fe-9066-b8f16e1aaf81,21a45a4f-052d-4bfc-920e-adcda1cfe19c,77f40e83-8b6f-4330-8068-b838b35b8920,2024-08-09 18:42:11.839+00,2024-08-09 18:42:11.839+00
5b454c25-4511-4d9c-90cf-1969f1547505,a2a71103-c12a-41fe-9066-b8f16e1aaf81,3b3a5d08-696f-42a3-856d-09992761a09e,77f40e83-8b6f-4330-8068-b838b35b8920,2024-08-09 18:42:11.845+00,2024-08-09 18:42:11.845+00
ad0b97d1-20c2-4a8e-af25-c18601649f77,a2a71103-c12a-41fe-9066-b8f16e1aaf81,57e069f8-7059-4d2f-83d6-3f16f7aa0938,77f40e83-8b6f-4330-8068-b838b35b8920,2024-08-09 18:42:11.851+00,2024-08-09 18:42:11.851+00
7c49f16c-dbd9-406d-9e98-8d0244328516,a2a71103-c12a-41fe-9066-b8f16e1aaf81,880369a6-6b14-4a6b-b3cb-4aaabc33369a,77f40e83-8b6f-4330-8068-b838b35b8920,2024-08-09 18:42:11.857+00,2024-08-09 18:42:11.857+00
d7547380-4715-4f29-a52b-5dc13a69e976,a2a71103-c12a-41fe-9066-b8f16e1aaf81,f5fb2002-9ed8-4520-99ef-46df7e453375,77f40e83-8b6f-4330-8068-b838b35b8920,2024-08-09 18:42:11.863+00,2024-08-09 18:42:11.863+00
c549e885-c39a-4989-95d2-f053567a2e9e,12565560-7a06-4eb5-98e5-816413524c52,3b3a5d08-696f-42a3-856d-09992761a09e,555f3901-79c3-4d8d-a83f-d39ab231bb3e,2024-08-09 18:43:41.791+00,2024-08-09 18:43:41.791+00
3e391cb7-4e88-4ddf-bbd3-0009b5b43980,12565560-7a06-4eb5-98e5-816413524c52,21a45a4f-052d-4bfc-920e-adcda1cfe19c,555f3901-79c3-4d8d-a83f-d39ab231bb3e,2024-08-09 18:43:41.799+00,2024-08-09 18:43:41.799+00
a7b5e5f2-ed4b-4c37-9f27-6dde0c145b84,12565560-7a06-4eb5-98e5-816413524c52,57e069f8-7059-4d2f-83d6-3f16f7aa0938,555f3901-79c3-4d8d-a83f-d39ab231bb3e,2024-08-09 18:43:41.805+00,2024-08-09 18:43:41.805+00
1c9f0659-bad9-453c-9426-864127dfcf3e,12565560-7a06-4eb5-98e5-816413524c52,880369a6-6b14-4a6b-b3cb-4aaabc33369a,555f3901-79c3-4d8d-a83f-d39ab231bb3e,2024-08-09 18:43:41.811+00,2024-08-09 18:43:41.811+00
9fad4a9e-563b-4bd9-8ca8-e7466b33701a,12565560-7a06-4eb5-98e5-816413524c52,f5fb2002-9ed8-4520-99ef-46df7e453375,555f3901-79c3-4d8d-a83f-d39ab231bb3e,2024-08-09 18:43:41.817+00,2024-08-09 18:43:41.817+00
3ced62e8-33f2-40fd-b91a-2a4a8405bde8,87ce2833-6cfd-4af7-828a-a02e08dbb91f,3b3a5d08-696f-42a3-856d-09992761a09e,be512ef1-f6e1-4e99-a806-cb5cd3af8c5c,2024-08-10 19:54:58.811+00,2024-08-10 19:54:58.811+00
b0e8e86d-8127-41b0-b062-f7cc3558b8bf,87ce2833-6cfd-4af7-828a-a02e08dbb91f,21a45a4f-052d-4bfc-920e-adcda1cfe19c,be512ef1-f6e1-4e99-a806-cb5cd3af8c5c,2024-08-10 19:54:58.819+00,2024-08-10 19:54:58.819+00
99537bea-de26-4cf3-99e3-8db5e0fb9282,87ce2833-6cfd-4af7-828a-a02e08dbb91f,57e069f8-7059-4d2f-83d6-3f16f7aa0938,be512ef1-f6e1-4e99-a806-cb5cd3af8c5c,2024-08-10 19:54:58.824+00,2024-08-10 19:54:58.824+00
dbfa8f9c-5318-49fe-8094-7ea808affa21,87ce2833-6cfd-4af7-828a-a02e08dbb91f,880369a6-6b14-4a6b-b3cb-4aaabc33369a,be512ef1-f6e1-4e99-a806-cb5cd3af8c5c,2024-08-10 19:54:58.831+00,2024-08-10 19:54:58.831+00
805339c7-9d4b-4c3a-b40e-b02bb763a11b,87ce2833-6cfd-4af7-828a-a02e08dbb91f,f5fb2002-9ed8-4520-99ef-46df7e453375,be512ef1-f6e1-4e99-a806-cb5cd3af8c5c,2024-08-10 19:54:58.838+00,2024-08-10 19:54:58.838+00
a5983a71-4019-4c56-ba6f-1b3e62a6596e,6d4a4f09-3555-4f57-a923-55acfed5822b,3b3a5d08-696f-42a3-856d-09992761a09e,455f8aa4-2b5d-464d-9fc3-371e84504e16,2024-08-10 19:58:57.706+00,2024-08-10 19:58:57.706+00
454d9c31-105a-47b0-b4d9-9b3a554f11f8,6d4a4f09-3555-4f57-a923-55acfed5822b,21a45a4f-052d-4bfc-920e-adcda1cfe19c,455f8aa4-2b5d-464d-9fc3-371e84504e16,2024-08-10 19:58:57.713+00,2024-08-10 19:58:57.713+00
9bde2044-bf9a-4895-a5de-0be265e760f1,6d4a4f09-3555-4f57-a923-55acfed5822b,57e069f8-7059-4d2f-83d6-3f16f7aa0938,455f8aa4-2b5d-464d-9fc3-371e84504e16,2024-08-10 19:58:57.72+00,2024-08-10 19:58:57.72+00
92cb7768-b432-4028-8b02-d501faa0a728,6d4a4f09-3555-4f57-a923-55acfed5822b,880369a6-6b14-4a6b-b3cb-4aaabc33369a,455f8aa4-2b5d-464d-9fc3-371e84504e16,2024-08-10 19:58:57.726+00,2024-08-10 19:58:57.726+00
bd5142c2-0e9b-4091-9d6d-905ca6d9d4fe,6d4a4f09-3555-4f57-a923-55acfed5822b,f5fb2002-9ed8-4520-99ef-46df7e453375,455f8aa4-2b5d-464d-9fc3-371e84504e16,2024-08-10 19:58:57.732+00,2024-08-10 19:58:57.732+00
b7c14e56-9469-4e26-a5c2-47d8e8ce0ae0,eab23aaf-fe66-4aae-99bb-cdf554b6bf2b,21a45a4f-052d-4bfc-920e-adcda1cfe19c,fed09175-753f-4254-a4c1-69fede086f8e,2024-08-10 22:52:14.724+00,2024-08-10 22:52:14.724+00
2363e418-d6d2-48b0-823b-cdddd6742fc2,eab23aaf-fe66-4aae-99bb-cdf554b6bf2b,3b3a5d08-696f-42a3-856d-09992761a09e,fed09175-753f-4254-a4c1-69fede086f8e,2024-08-10 22:52:14.731+00,2024-08-10 22:52:14.731+00
ca170e53-39f0-4899-bfb8-c4e2fbb44362,eab23aaf-fe66-4aae-99bb-cdf554b6bf2b,be766134-111b-4a83-afdd-d6c54596d486,fed09175-753f-4254-a4c1-69fede086f8e,2024-08-10 22:52:14.737+00,2024-08-10 22:52:14.737+00
6b565266-f812-4264-aefc-4130bad9ea80,eab23aaf-fe66-4aae-99bb-cdf554b6bf2b,880369a6-6b14-4a6b-b3cb-4aaabc33369a,fed09175-753f-4254-a4c1-69fede086f8e,2024-08-10 22:52:14.744+00,2024-08-10 22:52:14.744+00
186b73a5-7bb0-44ac-acc2-df451bf41615,eab23aaf-fe66-4aae-99bb-cdf554b6bf2b,f5fb2002-9ed8-4520-99ef-46df7e453375,fed09175-753f-4254-a4c1-69fede086f8e,2024-08-10 22:52:14.75+00,2024-08-10 22:52:14.75+00
7e103987-63ad-475b-9edb-1760b61ecf71,43a9403f-3ab2-49e8-9cb9-e06ae50d6699,21a45a4f-052d-4bfc-920e-adcda1cfe19c,ae3c969e-2d24-4554-8823-82d5ebfeb609,2024-08-10 22:53:15.062+00,2024-08-10 22:53:15.062+00
64052408-8625-424f-b014-efe0ba5e7d92,43a9403f-3ab2-49e8-9cb9-e06ae50d6699,3b3a5d08-696f-42a3-856d-09992761a09e,ae3c969e-2d24-4554-8823-82d5ebfeb609,2024-08-10 22:53:15.07+00,2024-08-10 22:53:15.07+00
b3e72c41-0c9a-493f-8c9f-4cec637bb549,43a9403f-3ab2-49e8-9cb9-e06ae50d6699,be766134-111b-4a83-afdd-d6c54596d486,ae3c969e-2d24-4554-8823-82d5ebfeb609,2024-08-10 22:53:15.075+00,2024-08-10 22:53:15.075+00
9b23f558-199c-41e6-ae4f-17bd99f30514,43a9403f-3ab2-49e8-9cb9-e06ae50d6699,880369a6-6b14-4a6b-b3cb-4aaabc33369a,ae3c969e-2d24-4554-8823-82d5ebfeb609,2024-08-10 22:53:15.081+00,2024-08-10 22:53:15.081+00
b64bc90c-12c2-409b-a8df-92dc56effcdb,43a9403f-3ab2-49e8-9cb9-e06ae50d6699,f5fb2002-9ed8-4520-99ef-46df7e453375,ae3c969e-2d24-4554-8823-82d5ebfeb609,2024-08-10 22:53:15.087+00,2024-08-10 22:53:15.087+00
e8d6934f-bc91-4e9d-ae7c-7e03f699d82a,25519262-55eb-41ef-be7c-225ac2391f16,21a45a4f-052d-4bfc-920e-adcda1cfe19c,b203ed4d-ffa6-4b1a-ade7-b657b3eddc81,2024-08-11 01:53:18.511+00,2024-08-11 01:53:18.511+00
8e4beca9-fdef-414c-af64-46b76538142c,25519262-55eb-41ef-be7c-225ac2391f16,3b3a5d08-696f-42a3-856d-09992761a09e,b203ed4d-ffa6-4b1a-ade7-b657b3eddc81,2024-08-11 01:53:18.52+00,2024-08-11 01:53:18.52+00
4b9e97e1-c1c0-445d-b8fe-1f4d5367ba62,25519262-55eb-41ef-be7c-225ac2391f16,be766134-111b-4a83-afdd-d6c54596d486,b203ed4d-ffa6-4b1a-ade7-b657b3eddc81,2024-08-11 01:53:18.528+00,2024-08-11 01:53:18.528+00
04eef2ab-5000-4ca9-aa89-0447d69d994a,25519262-55eb-41ef-be7c-225ac2391f16,caa12af6-8d12-42e6-985d-82190eb650ec,b203ed4d-ffa6-4b1a-ade7-b657b3eddc81,2024-08-11 01:53:18.534+00,2024-08-11 01:53:18.534+00
30f1700a-d2cf-429e-a179-5eaa3035f2e3,25519262-55eb-41ef-be7c-225ac2391f16,3857b311-0df8-462f-a042-6a560f3528eb,b203ed4d-ffa6-4b1a-ade7-b657b3eddc81,2024-08-11 01:53:18.542+00,2024-08-11 01:53:18.542+00
b20e7c77-08df-4298-b188-c0504aa4e53b,e7f9e1e5-44d9-41c2-9930-ea492c0c41a2,3b3a5d08-696f-42a3-856d-09992761a09e,4a69f200-3120-4a2d-a289-acd6dc0baf4d,2024-08-11 17:44:50.284+00,2024-08-11 17:44:50.284+00
465f5dad-d325-407f-87d5-1d1f32bcdbcc,e7f9e1e5-44d9-41c2-9930-ea492c0c41a2,21a45a4f-052d-4bfc-920e-adcda1cfe19c,4a69f200-3120-4a2d-a289-acd6dc0baf4d,2024-08-11 17:44:50.319+00,2024-08-11 17:44:50.319+00
192bc1c2-1f1c-4b41-93d3-890e0d2749c3,e7f9e1e5-44d9-41c2-9930-ea492c0c41a2,57e069f8-7059-4d2f-83d6-3f16f7aa0938,4a69f200-3120-4a2d-a289-acd6dc0baf4d,2024-08-11 17:44:50.326+00,2024-08-11 17:44:50.326+00
cb661aa3-7d4e-4b8e-85a9-e67eed3231b1,e7f9e1e5-44d9-41c2-9930-ea492c0c41a2,caa12af6-8d12-42e6-985d-82190eb650ec,4a69f200-3120-4a2d-a289-acd6dc0baf4d,2024-08-11 17:44:50.332+00,2024-08-11 17:44:50.332+00
9f0a2912-011a-4b38-868b-7a41f3ea65bd,c0b1c5e0-7850-4212-be19-9741e272b816,3b3a5d08-696f-42a3-856d-09992761a09e,ea295ad2-52b7-4ff2-b2bd-56ff0b8829ac,2024-08-11 18:51:50.016+00,2024-08-11 18:51:50.016+00
07c5bc37-7250-4c1e-a5a6-1c5439435404,c0b1c5e0-7850-4212-be19-9741e272b816,21a45a4f-052d-4bfc-920e-adcda1cfe19c,ea295ad2-52b7-4ff2-b2bd-56ff0b8829ac,2024-08-11 18:51:50.028+00,2024-08-11 18:51:50.028+00
1cec708f-a104-4dee-94c2-7eeac5d1cd6d,c0b1c5e0-7850-4212-be19-9741e272b816,be766134-111b-4a83-afdd-d6c54596d486,ea295ad2-52b7-4ff2-b2bd-56ff0b8829ac,2024-08-11 18:51:50.036+00,2024-08-11 18:51:50.036+00
2481fce5-1bee-4173-bb13-e9726d06828c,c0b1c5e0-7850-4212-be19-9741e272b816,880369a6-6b14-4a6b-b3cb-4aaabc33369a,ea295ad2-52b7-4ff2-b2bd-56ff0b8829ac,2024-08-11 18:51:50.046+00,2024-08-11 18:51:50.046+00
315fcf96-5ef7-4d0c-ba5e-a7ce4bd29810,c5b8b950-b561-4c8d-9019-59054bc3c0c2,3b3a5d08-696f-42a3-856d-09992761a09e,7e4306fc-4540-4a35-9d52-f72a152ff514,2024-08-11 22:56:45.516+00,2024-08-11 22:56:45.516+00
91aa6d1a-c765-470a-8052-588a46a767db,c5b8b950-b561-4c8d-9019-59054bc3c0c2,21a45a4f-052d-4bfc-920e-adcda1cfe19c,7e4306fc-4540-4a35-9d52-f72a152ff514,2024-08-11 22:56:45.524+00,2024-08-11 22:56:45.524+00
4d314b48-f1df-463a-8718-8db5aabda17e,c5b8b950-b561-4c8d-9019-59054bc3c0c2,57e069f8-7059-4d2f-83d6-3f16f7aa0938,7e4306fc-4540-4a35-9d52-f72a152ff514,2024-08-11 22:56:45.533+00,2024-08-11 22:56:45.533+00
8353c911-3076-406d-82e0-33e6f8df28e5,c5b8b950-b561-4c8d-9019-59054bc3c0c2,caa12af6-8d12-42e6-985d-82190eb650ec,7e4306fc-4540-4a35-9d52-f72a152ff514,2024-08-11 22:56:45.544+00,2024-08-11 22:56:45.544+00
3f229c92-3538-497a-97fd-eff60f16287a,7540a015-6281-4ee3-b842-75671f6c25f9,21a45a4f-052d-4bfc-920e-adcda1cfe19c,61c038d8-8a47-4a1e-9bf4-9f3908dcabfd,2024-08-11 23:23:39.467+00,2024-08-11 23:23:39.467+00
4604754f-1a37-4fce-9f10-ef07d96eda3f,7540a015-6281-4ee3-b842-75671f6c25f9,3b3a5d08-696f-42a3-856d-09992761a09e,61c038d8-8a47-4a1e-9bf4-9f3908dcabfd,2024-08-11 23:23:39.474+00,2024-08-11 23:23:39.474+00
77bc4241-6f92-4f0a-9a7c-65e5680bbfa4,7540a015-6281-4ee3-b842-75671f6c25f9,be766134-111b-4a83-afdd-d6c54596d486,61c038d8-8a47-4a1e-9bf4-9f3908dcabfd,2024-08-11 23:23:39.48+00,2024-08-11 23:23:39.48+00
09dcd75a-61f0-42f1-b7b8-4ef4eec32c0a,7540a015-6281-4ee3-b842-75671f6c25f9,880369a6-6b14-4a6b-b3cb-4aaabc33369a,61c038d8-8a47-4a1e-9bf4-9f3908dcabfd,2024-08-11 23:23:39.49+00,2024-08-11 23:23:39.49+00
67f27955-a06d-45d4-bc8b-c4b3d9f8c177,e9b426ff-5879-451d-95f4-c354e5bfcda1,3b3a5d08-696f-42a3-856d-09992761a09e,5ba51432-3ad0-4101-af39-085016bc05b3,2024-08-12 16:01:53.235+00,2024-08-12 16:01:53.235+00
e5c6e814-0f37-461a-9626-1e735af0769a,e9b426ff-5879-451d-95f4-c354e5bfcda1,21a45a4f-052d-4bfc-920e-adcda1cfe19c,5ba51432-3ad0-4101-af39-085016bc05b3,2024-08-12 16:01:53.243+00,2024-08-12 16:01:53.243+00
8c3b9cc6-8d55-468d-ba9c-11f37b5fe8a2,e9b426ff-5879-451d-95f4-c354e5bfcda1,be766134-111b-4a83-afdd-d6c54596d486,5ba51432-3ad0-4101-af39-085016bc05b3,2024-08-12 16:01:53.25+00,2024-08-12 16:01:53.25+00
394cf381-f55d-4221-8dad-83a89229405e,e9b426ff-5879-451d-95f4-c354e5bfcda1,caa12af6-8d12-42e6-985d-82190eb650ec,5ba51432-3ad0-4101-af39-085016bc05b3,2024-08-12 16:01:53.256+00,2024-08-12 16:01:53.256+00
5a7c4673-ade0-41bd-b30f-76eaf8e32231,e9b426ff-5879-451d-95f4-c354e5bfcda1,f5fb2002-9ed8-4520-99ef-46df7e453375,5ba51432-3ad0-4101-af39-085016bc05b3,2024-08-12 16:01:53.262+00,2024-08-12 16:01:53.262+00
5221b8cf-2f7f-42b2-9b8d-6499ae96d1c1,cc67d8a9-eed4-416c-8b6d-58d88732d264,3b3a5d08-696f-42a3-856d-09992761a09e,ee89ebaa-c863-4fd8-8a8d-dda5a15392c1,2024-08-13 00:10:16.64+00,2024-08-13 00:10:16.64+00
822d0212-57ec-43a7-8a1d-322be9c5897c,cc67d8a9-eed4-416c-8b6d-58d88732d264,21a45a4f-052d-4bfc-920e-adcda1cfe19c,ee89ebaa-c863-4fd8-8a8d-dda5a15392c1,2024-08-13 00:10:16.646+00,2024-08-13 00:10:16.646+00
cdff3249-ed5a-4a1c-8213-762dd2d99da7,cc67d8a9-eed4-416c-8b6d-58d88732d264,57e069f8-7059-4d2f-83d6-3f16f7aa0938,ee89ebaa-c863-4fd8-8a8d-dda5a15392c1,2024-08-13 00:10:16.652+00,2024-08-13 00:10:16.652+00
db07c0fa-19ea-45df-8de4-5f74414c14f9,cc67d8a9-eed4-416c-8b6d-58d88732d264,caa12af6-8d12-42e6-985d-82190eb650ec,ee89ebaa-c863-4fd8-8a8d-dda5a15392c1,2024-08-13 00:10:16.659+00,2024-08-13 00:10:16.659+00
8ea3f4c0-17ff-44e2-b95f-9164d64b49ea,cc67d8a9-eed4-416c-8b6d-58d88732d264,3857b311-0df8-462f-a042-6a560f3528eb,ee89ebaa-c863-4fd8-8a8d-dda5a15392c1,2024-08-13 00:10:16.664+00,2024-08-13 00:10:16.664+00
3d6ccba2-5352-48f8-8c45-4f009aba7383,ed5d820c-1e3f-44ef-b430-62edcf7badde,21a45a4f-052d-4bfc-920e-adcda1cfe19c,04063be2-44e6-445b-bedf-acb023242580,2024-08-13 00:10:20.853+00,2024-08-13 00:10:20.853+00
732958da-7b0d-4277-9315-6cb12ecd85e3,ed5d820c-1e3f-44ef-b430-62edcf7badde,3b3a5d08-696f-42a3-856d-09992761a09e,04063be2-44e6-445b-bedf-acb023242580,2024-08-13 00:10:20.859+00,2024-08-13 00:10:20.859+00
6ec91636-ca1e-4b35-bd30-77c3bc62e1fa,ed5d820c-1e3f-44ef-b430-62edcf7badde,57e069f8-7059-4d2f-83d6-3f16f7aa0938,04063be2-44e6-445b-bedf-acb023242580,2024-08-13 00:10:20.865+00,2024-08-13 00:10:20.865+00
5ba1fd58-552f-41b4-940d-7e314ceea453,ed5d820c-1e3f-44ef-b430-62edcf7badde,caa12af6-8d12-42e6-985d-82190eb650ec,04063be2-44e6-445b-bedf-acb023242580,2024-08-13 00:10:20.872+00,2024-08-13 00:10:20.872+00
a0661fb8-f876-4709-abe8-856583a8d001,ed5d820c-1e3f-44ef-b430-62edcf7badde,3857b311-0df8-462f-a042-6a560f3528eb,04063be2-44e6-445b-bedf-acb023242580,2024-08-13 00:10:20.877+00,2024-08-13 00:10:20.877+00
6b65e7bb-7c2e-4d86-afd5-28fc0c678a30,89875ee2-9679-4721-a7df-a4c3f628cf55,21a45a4f-052d-4bfc-920e-adcda1cfe19c,fbe87f6a-aa8d-4dcb-bd57-091a670b2288,2024-08-13 00:52:35.29+00,2024-08-13 00:52:35.29+00
f71c01c4-7484-4fd0-b139-d5a858e1734c,89875ee2-9679-4721-a7df-a4c3f628cf55,3b3a5d08-696f-42a3-856d-09992761a09e,fbe87f6a-aa8d-4dcb-bd57-091a670b2288,2024-08-13 00:52:35.301+00,2024-08-13 00:52:35.301+00
8c5cf619-d28b-4f48-a0b0-a2380df3decd,89875ee2-9679-4721-a7df-a4c3f628cf55,be766134-111b-4a83-afdd-d6c54596d486,fbe87f6a-aa8d-4dcb-bd57-091a670b2288,2024-08-13 00:52:35.307+00,2024-08-13 00:52:35.307+00
51948f46-7f7d-4236-95b6-45c5a2a4c98b,89875ee2-9679-4721-a7df-a4c3f628cf55,880369a6-6b14-4a6b-b3cb-4aaabc33369a,fbe87f6a-aa8d-4dcb-bd57-091a670b2288,2024-08-13 00:52:35.313+00,2024-08-13 00:52:35.313+00
150114bf-a425-46f8-91ad-7d354a0f0e8d,89875ee2-9679-4721-a7df-a4c3f628cf55,3857b311-0df8-462f-a042-6a560f3528eb,fbe87f6a-aa8d-4dcb-bd57-091a670b2288,2024-08-13 00:52:35.329+00,2024-08-13 00:52:35.329+00
74eeadc3-32f1-4fc6-8a95-d5e38ff305b2,63258c72-ec20-41f7-b398-5ed1b2b2ae3c,21a45a4f-052d-4bfc-920e-adcda1cfe19c,4ceb2aaf-bd45-4f3e-9202-38d940708fe3,2024-08-13 23:58:39.394+00,2024-08-13 23:58:39.394+00
833dc354-8bf4-4a55-8649-5403b5048730,63258c72-ec20-41f7-b398-5ed1b2b2ae3c,3b3a5d08-696f-42a3-856d-09992761a09e,4ceb2aaf-bd45-4f3e-9202-38d940708fe3,2024-08-13 23:58:39.402+00,2024-08-13 23:58:39.402+00
f911e63d-35d4-4165-b460-b098005bfb96,63258c72-ec20-41f7-b398-5ed1b2b2ae3c,d7bbc939-aa73-4767-8941-1e76151b3451,4ceb2aaf-bd45-4f3e-9202-38d940708fe3,2024-08-13 23:58:39.408+00,2024-08-13 23:58:39.408+00
1c308d9a-c3a2-4db9-a491-b31699aa545d,b022f245-bdbd-40e8-b2f4-7cf78df3c5a9,3b3a5d08-696f-42a3-856d-09992761a09e,b96933e9-6e51-472b-a3ca-1d7af8451e96,2024-08-14 21:38:19.137+00,2024-08-14 21:38:19.137+00
9602ff77-e489-49dd-b9d8-940b3e1d2d62,b022f245-bdbd-40e8-b2f4-7cf78df3c5a9,21a45a4f-052d-4bfc-920e-adcda1cfe19c,b96933e9-6e51-472b-a3ca-1d7af8451e96,2024-08-14 21:38:19.145+00,2024-08-14 21:38:19.145+00
ce903356-abad-4cff-be88-469ab0a7a78d,b022f245-bdbd-40e8-b2f4-7cf78df3c5a9,be766134-111b-4a83-afdd-d6c54596d486,b96933e9-6e51-472b-a3ca-1d7af8451e96,2024-08-14 21:38:19.152+00,2024-08-14 21:38:19.152+00
36218da1-4c68-460e-a906-2463e76b7e5c,b022f245-bdbd-40e8-b2f4-7cf78df3c5a9,caa12af6-8d12-42e6-985d-82190eb650ec,b96933e9-6e51-472b-a3ca-1d7af8451e96,2024-08-14 21:38:19.159+00,2024-08-14 21:38:19.159+00
118066e7-448a-4102-8dfe-4888b82b3876,b022f245-bdbd-40e8-b2f4-7cf78df3c5a9,3857b311-0df8-462f-a042-6a560f3528eb,b96933e9-6e51-472b-a3ca-1d7af8451e96,2024-08-14 21:38:19.165+00,2024-08-14 21:38:19.165+00
1574cc48-7bac-40c6-8b6f-a9129d87c55e,3fd18e12-3cd9-405d-a0d7-ea2411a64b15,21a45a4f-052d-4bfc-920e-adcda1cfe19c,47589f20-f5b5-4c36-a58b-f67b655f444f,2024-08-16 17:51:20.198+00,2024-08-16 17:51:20.198+00
4242ae46-1f62-49f0-b430-aaf3a1a04005,3fd18e12-3cd9-405d-a0d7-ea2411a64b15,3b3a5d08-696f-42a3-856d-09992761a09e,47589f20-f5b5-4c36-a58b-f67b655f444f,2024-08-16 17:51:20.205+00,2024-08-16 17:51:20.205+00
acd7a566-86cb-4a69-9339-8d8a92bb1dd7,3fd18e12-3cd9-405d-a0d7-ea2411a64b15,be766134-111b-4a83-afdd-d6c54596d486,47589f20-f5b5-4c36-a58b-f67b655f444f,2024-08-16 17:51:20.212+00,2024-08-16 17:51:20.212+00
cecd80cb-8ce8-4f2d-9d37-5a6bda896709,3fd18e12-3cd9-405d-a0d7-ea2411a64b15,880369a6-6b14-4a6b-b3cb-4aaabc33369a,47589f20-f5b5-4c36-a58b-f67b655f444f,2024-08-16 17:51:20.218+00,2024-08-16 17:51:20.218+00
03faa33c-e746-4ee9-8372-33c591dbbad7,3fd18e12-3cd9-405d-a0d7-ea2411a64b15,f5fb2002-9ed8-4520-99ef-46df7e453375,47589f20-f5b5-4c36-a58b-f67b655f444f,2024-08-16 17:51:20.227+00,2024-08-16 17:51:20.227+00
6a2cb871-7897-4f5e-8e8a-8e8d7460c78d,18d89178-232e-4d6b-af99-af16fbb97654,21a45a4f-052d-4bfc-920e-adcda1cfe19c,cd893052-857f-4dcc-b3f6-d03e4fef32f7,2024-08-17 02:21:13.186+00,2024-08-17 02:21:13.186+00
5ebf5df0-50f6-46fb-9026-745b677e1621,18d89178-232e-4d6b-af99-af16fbb97654,3b3a5d08-696f-42a3-856d-09992761a09e,cd893052-857f-4dcc-b3f6-d03e4fef32f7,2024-08-17 02:21:13.192+00,2024-08-17 02:21:13.192+00
96c231ad-cc4f-4c3b-8655-f1b2ace03f88,18d89178-232e-4d6b-af99-af16fbb97654,be766134-111b-4a83-afdd-d6c54596d486,cd893052-857f-4dcc-b3f6-d03e4fef32f7,2024-08-17 02:21:13.198+00,2024-08-17 02:21:13.198+00
d4cb1a07-eb37-4d57-9eed-72a7d839b080,18d89178-232e-4d6b-af99-af16fbb97654,caa12af6-8d12-42e6-985d-82190eb650ec,cd893052-857f-4dcc-b3f6-d03e4fef32f7,2024-08-17 02:21:13.206+00,2024-08-17 02:21:13.206+00
03fd69f6-76d8-445b-95cd-6fff10cc2816,96e96a40-5318-4c8e-a5b0-3dbbcbf745f3,21a45a4f-052d-4bfc-920e-adcda1cfe19c,2c20aa1d-0bd6-4fbe-a82f-250810d4fbbc,2024-08-17 02:21:32.898+00,2024-08-17 02:21:32.898+00
0c795700-68e4-41ca-bcd8-1b9bf2bcbe05,96e96a40-5318-4c8e-a5b0-3dbbcbf745f3,3b3a5d08-696f-42a3-856d-09992761a09e,2c20aa1d-0bd6-4fbe-a82f-250810d4fbbc,2024-08-17 02:21:32.908+00,2024-08-17 02:21:32.908+00
d3f58400-69b9-4505-b7d7-ce11082d1004,96e96a40-5318-4c8e-a5b0-3dbbcbf745f3,be766134-111b-4a83-afdd-d6c54596d486,2c20aa1d-0bd6-4fbe-a82f-250810d4fbbc,2024-08-17 02:21:32.921+00,2024-08-17 02:21:32.921+00
0f4412bd-b3e1-4564-b649-4ea18272bfdd,96e96a40-5318-4c8e-a5b0-3dbbcbf745f3,caa12af6-8d12-42e6-985d-82190eb650ec,2c20aa1d-0bd6-4fbe-a82f-250810d4fbbc,2024-08-17 02:21:32.935+00,2024-08-17 02:21:32.935+00
e801895f-fc06-4b7b-bab4-e45a977e75ef,8c2097f2-854a-4530-9ddd-2bac67842ea6,21a45a4f-052d-4bfc-920e-adcda1cfe19c,6dd7f9b7-f3ae-4b57-9338-100f411e4f49,2024-08-18 03:07:05.957+00,2024-08-18 03:07:05.957+00
481d6a9c-9664-4a35-96bf-5aa01bb67380,8c2097f2-854a-4530-9ddd-2bac67842ea6,3b3a5d08-696f-42a3-856d-09992761a09e,6dd7f9b7-f3ae-4b57-9338-100f411e4f49,2024-08-18 03:07:05.963+00,2024-08-18 03:07:05.963+00
219a7433-6db9-4186-8248-69bb9d8fd249,8c2097f2-854a-4530-9ddd-2bac67842ea6,57e069f8-7059-4d2f-83d6-3f16f7aa0938,6dd7f9b7-f3ae-4b57-9338-100f411e4f49,2024-08-18 03:07:05.969+00,2024-08-18 03:07:05.969+00
cabcad8f-620e-44fd-a6b2-7b7563874dc6,8c2097f2-854a-4530-9ddd-2bac67842ea6,880369a6-6b14-4a6b-b3cb-4aaabc33369a,6dd7f9b7-f3ae-4b57-9338-100f411e4f49,2024-08-18 03:07:05.986+00,2024-08-18 03:07:05.986+00
cd7cf2ff-4830-4cc4-9f25-f206620e65ba,8c2097f2-854a-4530-9ddd-2bac67842ea6,f5fb2002-9ed8-4520-99ef-46df7e453375,6dd7f9b7-f3ae-4b57-9338-100f411e4f49,2024-08-18 03:07:05.996+00,2024-08-18 03:07:05.996+00
94b890a5-3c3d-4c7e-9225-741d701b9980,6deaed52-af63-4f52-a03f-8f20b2c9925d,21a45a4f-052d-4bfc-920e-adcda1cfe19c,a79bbf49-8ee8-4cc5-8df0-c43bd6c23bfc,2024-08-19 01:44:36.212+00,2024-08-19 01:44:36.212+00
abfa7fd5-77cd-4d4a-adfa-656e99bd7e6c,6deaed52-af63-4f52-a03f-8f20b2c9925d,3b3a5d08-696f-42a3-856d-09992761a09e,a79bbf49-8ee8-4cc5-8df0-c43bd6c23bfc,2024-08-19 01:44:36.219+00,2024-08-19 01:44:36.219+00
d8c59de9-5544-4ab0-905b-3102874579f4,6deaed52-af63-4f52-a03f-8f20b2c9925d,be766134-111b-4a83-afdd-d6c54596d486,a79bbf49-8ee8-4cc5-8df0-c43bd6c23bfc,2024-08-19 01:44:36.225+00,2024-08-19 01:44:36.225+00
4a639398-51a3-4d7b-b065-5e60297f9fe0,6deaed52-af63-4f52-a03f-8f20b2c9925d,caa12af6-8d12-42e6-985d-82190eb650ec,a79bbf49-8ee8-4cc5-8df0-c43bd6c23bfc,2024-08-19 01:44:36.231+00,2024-08-19 01:44:36.231+00
7b815824-d79a-4d1e-a273-b0fff0c868e7,8add21dd-4441-4fe5-bd92-63e89696a9b3,21a45a4f-052d-4bfc-920e-adcda1cfe19c,f034c505-b688-45a8-ac66-614920e3b142,2024-08-19 01:49:35.625+00,2024-08-19 01:49:35.625+00
bbbefaca-dfb4-4a94-9213-6fca6dea1780,8add21dd-4441-4fe5-bd92-63e89696a9b3,3b3a5d08-696f-42a3-856d-09992761a09e,f034c505-b688-45a8-ac66-614920e3b142,2024-08-19 01:49:35.631+00,2024-08-19 01:49:35.631+00
8d1beb98-c233-48dc-ba11-7809f85ed4f0,8add21dd-4441-4fe5-bd92-63e89696a9b3,be766134-111b-4a83-afdd-d6c54596d486,f034c505-b688-45a8-ac66-614920e3b142,2024-08-19 01:49:35.636+00,2024-08-19 01:49:35.636+00
e0b8b7ee-fc4c-4f0b-b6ea-4367e75355cf,8add21dd-4441-4fe5-bd92-63e89696a9b3,880369a6-6b14-4a6b-b3cb-4aaabc33369a,f034c505-b688-45a8-ac66-614920e3b142,2024-08-19 01:49:35.643+00,2024-08-19 01:49:35.643+00
3fadd56e-090b-4248-b632-4d30513b204e,8add21dd-4441-4fe5-bd92-63e89696a9b3,f5fb2002-9ed8-4520-99ef-46df7e453375,f034c505-b688-45a8-ac66-614920e3b142,2024-08-19 01:49:35.651+00,2024-08-19 01:49:35.651+00
ef4e2fd9-ddea-4815-b475-6a30ee94ffdd,d7e51a4b-98d0-4660-82c3-4b10748ffe8a,21a45a4f-052d-4bfc-920e-adcda1cfe19c,e5fca311-0ed3-4c60-a27a-ba308011ee38,2024-08-19 03:01:02.336+00,2024-08-19 03:01:02.336+00
ff1189b4-98ad-4ffc-807f-efc4abc3066c,d7e51a4b-98d0-4660-82c3-4b10748ffe8a,3b3a5d08-696f-42a3-856d-09992761a09e,e5fca311-0ed3-4c60-a27a-ba308011ee38,2024-08-19 03:01:02.343+00,2024-08-19 03:01:02.343+00
14d328cb-4a0a-46bd-8e72-4911b3e87188,d7e51a4b-98d0-4660-82c3-4b10748ffe8a,be766134-111b-4a83-afdd-d6c54596d486,e5fca311-0ed3-4c60-a27a-ba308011ee38,2024-08-19 03:01:02.35+00,2024-08-19 03:01:02.35+00
080924a1-948a-4f19-8682-50e0a4c21e6f,d7e51a4b-98d0-4660-82c3-4b10748ffe8a,caa12af6-8d12-42e6-985d-82190eb650ec,e5fca311-0ed3-4c60-a27a-ba308011ee38,2024-08-19 03:01:02.357+00,2024-08-19 03:01:02.357+00
0d7661d0-5b2b-4f79-b30a-8b4952679582,d7e51a4b-98d0-4660-82c3-4b10748ffe8a,3857b311-0df8-462f-a042-6a560f3528eb,e5fca311-0ed3-4c60-a27a-ba308011ee38,2024-08-19 03:01:02.363+00,2024-08-19 03:01:02.363+00
1fee4edb-d0e5-4cc0-a832-2ce134f53e3c,5ce26133-ba9e-4f4c-9e85-6d92ed2b998b,21a45a4f-052d-4bfc-920e-adcda1cfe19c,7e8f94e8-5eb4-48c2-aa29-e27fb432cd07,2024-08-19 03:35:06.507+00,2024-08-19 03:35:06.507+00
5fd00d6d-04c7-403c-bdc6-8d7682ae7384,5ce26133-ba9e-4f4c-9e85-6d92ed2b998b,3b3a5d08-696f-42a3-856d-09992761a09e,7e8f94e8-5eb4-48c2-aa29-e27fb432cd07,2024-08-19 03:35:06.514+00,2024-08-19 03:35:06.514+00
142ce900-cf38-4855-9454-e4e8fa7a0582,5ce26133-ba9e-4f4c-9e85-6d92ed2b998b,be766134-111b-4a83-afdd-d6c54596d486,7e8f94e8-5eb4-48c2-aa29-e27fb432cd07,2024-08-19 03:35:06.52+00,2024-08-19 03:35:06.52+00
984166d4-b380-4555-a1fc-d28e6e1cac08,5ce26133-ba9e-4f4c-9e85-6d92ed2b998b,caa12af6-8d12-42e6-985d-82190eb650ec,7e8f94e8-5eb4-48c2-aa29-e27fb432cd07,2024-08-19 03:35:06.53+00,2024-08-19 03:35:06.53+00
8f022b01-bb7a-4f24-a78e-30d73d226be8,5ce26133-ba9e-4f4c-9e85-6d92ed2b998b,3857b311-0df8-462f-a042-6a560f3528eb,7e8f94e8-5eb4-48c2-aa29-e27fb432cd07,2024-08-19 03:35:06.537+00,2024-08-19 03:35:06.537+00
ae46af6e-6cc9-44e8-bef6-00fece926879,6debd644-8edc-4973-ae07-977702db8eae,3b3a5d08-696f-42a3-856d-09992761a09e,670e4c8d-f390-4da5-8fcb-64244dd0b558,2024-08-19 03:36:38.794+00,2024-08-19 03:36:38.794+00
b764c08b-3ffa-444d-be78-f7b6818b6abc,6debd644-8edc-4973-ae07-977702db8eae,21a45a4f-052d-4bfc-920e-adcda1cfe19c,670e4c8d-f390-4da5-8fcb-64244dd0b558,2024-08-19 03:36:38.8+00,2024-08-19 03:36:38.8+00
a48525b2-9d8f-4ab5-a794-b7dad0a5be47,6debd644-8edc-4973-ae07-977702db8eae,be766134-111b-4a83-afdd-d6c54596d486,670e4c8d-f390-4da5-8fcb-64244dd0b558,2024-08-19 03:36:38.806+00,2024-08-19 03:36:38.806+00
d182692d-d780-4123-b36a-71019eb4158d,6debd644-8edc-4973-ae07-977702db8eae,caa12af6-8d12-42e6-985d-82190eb650ec,670e4c8d-f390-4da5-8fcb-64244dd0b558,2024-08-19 03:36:38.813+00,2024-08-19 03:36:38.813+00
6171503b-6fe8-4943-94ed-01496286e3c7,6debd644-8edc-4973-ae07-977702db8eae,f5fb2002-9ed8-4520-99ef-46df7e453375,670e4c8d-f390-4da5-8fcb-64244dd0b558,2024-08-19 03:36:38.819+00,2024-08-19 03:36:38.819+00
c3c951e5-a2d6-4b2d-9b7b-7eaf79dd4487,02f7d2a1-734f-4c1f-8161-77202c5c5359,3b3a5d08-696f-42a3-856d-09992761a09e,f7c4b09e-ea5d-4163-bcf5-41822ef0b946,2024-08-19 03:37:09.26+00,2024-08-19 03:37:09.26+00
4a0b5029-dbbb-4582-847d-b819a89ca24e,02f7d2a1-734f-4c1f-8161-77202c5c5359,21a45a4f-052d-4bfc-920e-adcda1cfe19c,f7c4b09e-ea5d-4163-bcf5-41822ef0b946,2024-08-19 03:37:09.268+00,2024-08-19 03:37:09.268+00
8e37aa61-a136-4ec0-b03f-ce4857276e0b,02f7d2a1-734f-4c1f-8161-77202c5c5359,be766134-111b-4a83-afdd-d6c54596d486,f7c4b09e-ea5d-4163-bcf5-41822ef0b946,2024-08-19 03:37:09.274+00,2024-08-19 03:37:09.274+00
d42fed07-9a9d-4e92-a267-f7b5bedfae7e,02f7d2a1-734f-4c1f-8161-77202c5c5359,880369a6-6b14-4a6b-b3cb-4aaabc33369a,f7c4b09e-ea5d-4163-bcf5-41822ef0b946,2024-08-19 03:37:09.28+00,2024-08-19 03:37:09.28+00
f9807316-bb2e-4ffd-a1b9-20e92daf9f67,02f7d2a1-734f-4c1f-8161-77202c5c5359,f5fb2002-9ed8-4520-99ef-46df7e453375,f7c4b09e-ea5d-4163-bcf5-41822ef0b946,2024-08-19 03:37:09.286+00,2024-08-19 03:37:09.286+00
9736c4af-1250-4d51-85fc-c880d586ed3e,99895b0c-0b95-44eb-bbac-8344881905c3,21a45a4f-052d-4bfc-920e-adcda1cfe19c,1db45582-ae8a-47d3-8a2a-4ec950cf8765,2024-08-19 03:46:34.191+00,2024-08-19 03:46:34.191+00
c2d2cf1e-7767-48a9-98c2-cb577b4eb772,99895b0c-0b95-44eb-bbac-8344881905c3,3b3a5d08-696f-42a3-856d-09992761a09e,1db45582-ae8a-47d3-8a2a-4ec950cf8765,2024-08-19 03:46:34.197+00,2024-08-19 03:46:34.197+00
03929b2d-cc9a-48ee-affa-386fc1d9ce38,99895b0c-0b95-44eb-bbac-8344881905c3,be766134-111b-4a83-afdd-d6c54596d486,1db45582-ae8a-47d3-8a2a-4ec950cf8765,2024-08-19 03:46:34.217+00,2024-08-19 03:46:34.217+00
7727457f-d62c-4ca0-aa02-e6f494499758,99895b0c-0b95-44eb-bbac-8344881905c3,caa12af6-8d12-42e6-985d-82190eb650ec,1db45582-ae8a-47d3-8a2a-4ec950cf8765,2024-08-19 03:46:34.226+00,2024-08-19 03:46:34.226+00
786d4542-6a14-48c4-8162-b2e51b141f2e,99895b0c-0b95-44eb-bbac-8344881905c3,3857b311-0df8-462f-a042-6a560f3528eb,1db45582-ae8a-47d3-8a2a-4ec950cf8765,2024-08-19 03:46:34.235+00,2024-08-19 03:46:34.235+00
4cc99942-a944-43ca-ab25-c380fefad90e,19314a7f-1064-4067-acb0-447c881809d0,21a45a4f-052d-4bfc-920e-adcda1cfe19c,c64e6839-6271-4af6-9583-2117f3d7c21d,2024-08-19 04:34:28.869+00,2024-08-19 04:34:28.869+00
e1c8567f-84e0-4dd0-bd75-bc0b45e22be1,19314a7f-1064-4067-acb0-447c881809d0,3b3a5d08-696f-42a3-856d-09992761a09e,c64e6839-6271-4af6-9583-2117f3d7c21d,2024-08-19 04:34:28.879+00,2024-08-19 04:34:28.879+00
db8f7d4e-0fad-452c-9d5d-38b300d443c4,19314a7f-1064-4067-acb0-447c881809d0,be766134-111b-4a83-afdd-d6c54596d486,c64e6839-6271-4af6-9583-2117f3d7c21d,2024-08-19 04:34:28.886+00,2024-08-19 04:34:28.886+00
a10c5202-30a5-468b-adb6-69ab899d2929,19314a7f-1064-4067-acb0-447c881809d0,caa12af6-8d12-42e6-985d-82190eb650ec,c64e6839-6271-4af6-9583-2117f3d7c21d,2024-08-19 04:34:28.892+00,2024-08-19 04:34:28.892+00
eb26c6d6-e4f2-4f13-96c6-03f9cd96efcb,19314a7f-1064-4067-acb0-447c881809d0,3857b311-0df8-462f-a042-6a560f3528eb,c64e6839-6271-4af6-9583-2117f3d7c21d,2024-08-19 04:34:28.904+00,2024-08-19 04:34:28.904+00
3829ef3c-0389-4eff-b4cc-c519f7a17612,d3e232c4-9448-44c1-9308-8a66262eef25,21a45a4f-052d-4bfc-920e-adcda1cfe19c,54552056-8de2-49b8-923d-38d95539fce9,2024-08-19 20:39:45.479+00,2024-08-19 20:39:45.479+00
a31e1c5f-6b1a-4636-947e-0347807b692d,d3e232c4-9448-44c1-9308-8a66262eef25,3b3a5d08-696f-42a3-856d-09992761a09e,54552056-8de2-49b8-923d-38d95539fce9,2024-08-19 20:39:45.492+00,2024-08-19 20:39:45.492+00
73afc24b-c6fb-44c6-85c3-fdc0d1e5ce8d,d3e232c4-9448-44c1-9308-8a66262eef25,be766134-111b-4a83-afdd-d6c54596d486,54552056-8de2-49b8-923d-38d95539fce9,2024-08-19 20:39:45.5+00,2024-08-19 20:39:45.5+00
ade60179-26bd-4844-a8d0-9a9543302c5c,d3e232c4-9448-44c1-9308-8a66262eef25,caa12af6-8d12-42e6-985d-82190eb650ec,54552056-8de2-49b8-923d-38d95539fce9,2024-08-19 20:39:45.511+00,2024-08-19 20:39:45.511+00
0abf5f9a-4244-40a5-8b3b-a72833257977,d3e232c4-9448-44c1-9308-8a66262eef25,3857b311-0df8-462f-a042-6a560f3528eb,54552056-8de2-49b8-923d-38d95539fce9,2024-08-19 20:39:45.52+00,2024-08-19 20:39:45.52+00
c2678d1c-5b37-43f8-ace5-dcf23b25223f,ddaecb18-d95b-44a5-beb2-34adaa179035,3b3a5d08-696f-42a3-856d-09992761a09e,b3bccb5d-d71e-4c86-98a0-c8b6dc272d5d,2024-08-19 20:41:17.528+00,2024-08-19 20:41:17.528+00
6d457fe7-2322-416e-9aec-1b2a456f074c,ddaecb18-d95b-44a5-beb2-34adaa179035,21a45a4f-052d-4bfc-920e-adcda1cfe19c,b3bccb5d-d71e-4c86-98a0-c8b6dc272d5d,2024-08-19 20:41:17.535+00,2024-08-19 20:41:17.535+00
fc75fd1d-fb62-4b84-9a3b-f4361d8c266f,ddaecb18-d95b-44a5-beb2-34adaa179035,be766134-111b-4a83-afdd-d6c54596d486,b3bccb5d-d71e-4c86-98a0-c8b6dc272d5d,2024-08-19 20:41:17.546+00,2024-08-19 20:41:17.546+00
c94caed5-81e9-4945-a816-f46d25d324a7,ddaecb18-d95b-44a5-beb2-34adaa179035,880369a6-6b14-4a6b-b3cb-4aaabc33369a,b3bccb5d-d71e-4c86-98a0-c8b6dc272d5d,2024-08-19 20:41:17.553+00,2024-08-19 20:41:17.553+00
16bcc9a2-4719-4b5d-929e-21d6586cd963,ddaecb18-d95b-44a5-beb2-34adaa179035,f5fb2002-9ed8-4520-99ef-46df7e453375,b3bccb5d-d71e-4c86-98a0-c8b6dc272d5d,2024-08-19 20:41:17.559+00,2024-08-19 20:41:17.559+00
